,mean_pred,lower_conf,upper_conf,adj_close
0,,,,4.778
1,,,,4.766
2,,,,4.392
3,,,,3.84
4,,,,3.222
5,,,,3.16
6,,,,3.492
7,,,,3.48
8,,,,3.41
9,,,,3.628
10,,,,3.968
11,,,,3.978
12,,,,4.128
13,,,,4.382
14,,,,4.06
15,,,,4.044
16,,,,4.2
17,,,,4.258
18,,,,4.19
19,,,,4.11
20,,,,4.144
21,,,,4.07
22,,,,3.988
23,,,,4.184
24,,,,4.39
25,,,,4.252
26,,,,4.09
27,,,,3.918
28,,,,3.92
29,,,,3.806
30,,,,3.58
31,,,,3.52
32,,,,3.664
33,,,,3.756
34,,,,3.83
35,,,,3.754
36,,,,3.758
37,,,,3.82
38,,,,4.026
39,,,,3.84
40,,,,3.98
41,,,,3.95
42,,,,3.94
43,,,,3.974
44,,,,3.896
45,,,,4.09
46,,,,4.212
47,,,,4.21
48,,,,4.108
49,,,,4.18
50,,,,4.142
51,,,,4.034
52,,,,4.144
53,,,,4.224
54,,,,4.396
55,,,,4.188
56,,,,4.046
57,,,,4.211
58,,,,4.154
59,,,,3.974
60,,,,3.912
61,,,,4.02
62,,,,4.106
63,,,,4.28
64,,,,4.396
65,,,,4.081
66,,,,4.12
67,,,,4.198
68,,,,4.224
69,,,,4.092
70,,,,4.086
71,,,,4.086
72,,,,4.048
73,,,,4.048
74,,,,4.108
75,,,,4.15
76,,,,4.108
77,,,,4.046
78,,,,4.01
79,,,,4.13
80,,,,4.15
81,,,,4.144
82,,,,4.17
83,,,,4.272
84,,,,4.2
85,,,,4.238
86,,,,4.368
87,,,,4.282
88,,,,4.25
89,,,,4.354
90,,,,4.98
91,,,,4.888
92,,,,4.996
93,,,,4.926
94,,,,5.872
95,,,,5.607
96,,,,5.968
97,,,,6.16
98,,,,5.934
99,,,,5.898
100,,,,5.978
101,,,,6.198
102,,,,6.68
103,,,,6.914
104,,,,7.094
105,,,,7.064
106,,,,6.866
107,,,,7.066
108,,,,6.87
109,,,,6.47
110,,,,6.298
111,,,,6.062
112,,,,6.312
113,,,,6.474
114,,,,6.41
115,,,,6.304
116,,,,6.11
117,,,,5.706
118,,,,5.92
119,,,,6.162
120,,,,6.272
121,,,,6.34
122,,,,6.452
123,,,,6.526
124,,,,6.018
125,,,,5.1098
126,,,,5.282
127,,,,5.546
128,,,,5.3
129,,,,5.326
130,,,,5.324
131,,,,5.334
132,,,,5.366
133,,,,5.576
134,,,,5.648
135,,,,5.69
136,,,,5.392
137,,,,5.392
138,,,,5.244
139,,,,5.15
140,,,,5.128
141,,,,4.806
142,,,,4.524
143,,,,4.608
144,,,,4.898
145,,,,4.936
146,,,,4.95
147,,,,4.984
148,,,,4.802
149,,,,4.82
150,,,,4.782
151,,,,4.788
152,,,,4.726
153,,,,4.692
154,,,,4.614
155,,,,4.898
156,,,,4.642
157,,,,4.643
158,,,,4.65
159,,,,4.616
160,,,,4.568
161,,,,4.946
162,,,,4.72
163,,,,4.636
164,,,,4.374
165,,,,4.366
166,,,,4.506
167,,,,4.722
168,,,,4.778
169,,,,4.788
170,,,,4.804
171,,,,4.872
172,,,,4.99
173,,,,4.988
174,,,,4.932
175,,,,4.944
176,,,,4.802
177,,,,4.814
178,,,,4.65
179,,,,4.59
180,,,,4.564
181,,,,4.562
182,,,,4.592
183,,,,4.546
184,,,,4.438
185,,,,4.442
186,,,,4.466
187,,,,4.55
188,,,,4.65
189,,,,4.784
190,,,,4.742
191,,,,5.55
192,,,,5.332
193,,,,5.166
194,,,,5.34
195,,,,5.298
196,,,,5.448
197,,,,5.298
198,,,,5.054
199,,,,4.93
200,,,,4.986
201,,,,5.028
202,,,,5.116
203,,,,5.006
204,,,,5.032
205,,,,5.15
206,,,,5.348
207,,,,5.278
208,,,,5.386
209,,,,5.416
210,,,,5.532
211,,,,5.52
212,,,,5.49
213,,,,5.374
214,,,,5.338
215,,,,5.288
216,,,,5.424
217,,,,5.582
218,,,,5.666
219,,,,5.414
220,,,,5.534
221,,,,5.51
222,,,,5.32
223,,,,5.192
224,,,,5.27
225,,,,5.64
226,,,,5.594
227,,,,5.364
228,,,,5.344
229,,,,5.796
230,,,,5.896
231,,,,5.91
232,,,,6.028
233,,,,5.7034
234,,,,5.752
235,,,,6.026
236,,,,5.74
237,,,,5.674
238,,,,5.424
239,,,,5.524
240,,,,5.572
241,,,,5.686
242,,,,5.72
243,,,,5.464
244,,,,5.3
245,,,,5.3
246,,,,5.202
247,,,,5.506
248,,,,5.442
249,,,,5.542
250,,,,5.513
251,,,,5.492
252,,,,5.622
253,,,,5.658
254,,,,5.826
255,,,,5.804
256,,,,5.828
257,,,,5.792
258,,,,5.946
259,,,,5.762
260,,,,5.67
261,,,,5.634
262,,,,5.728
263,,,,5.522
264,,,,5.516
265,,,,5.446
266,,,,5.578
267,,,,5.738
268,,,,5.74
269,,,,5.858
270,,,,5.698
271,,,,5.6
272,,,,5.528
273,,,,5.634
274,,,,5.634
275,,,,5.754
276,,,,5.468
277,,,,5.44
278,,,,4.95
279,,,,4.848
280,,,,4.728
281,,,,5.012
282,,,,4.764
283,,,,5.06
284,,,,5.262
285,,,,5.246
286,,,,5.22
287,,,,5.166
288,,,,4.852
289,,,,4.46
290,,,,4.39
291,,,,4.592
292,,,,4.774
293,,,,4.622
294,,,,4.746
295,,,,4.942
296,,,,4.926
297,,,,4.948
298,,,,4.8
299,,,,4.614
300,,,,4.588
301,,,,4.768
302,,,,4.722
303,,,,4.594
304,,,,4.576
305,,,,4.816
306,,,,4.868
307,,,,4.964
308,,,,5.16
309,,,,5.154
310,,,,5.202
311,,,,5.17
312,,,,5.126
313,,,,5.276
314,,,,5.104
315,,,,5.238
316,,,,4.918
317,,,,4.824
318,,,,4.878
319,,,,4.746
320,,,,4.732
321,,,,5.074
322,,,,5.392
323,,,,5.398
324,,,,5.576
325,,,,5.522
326,,,,5.56
327,,,,5.588
328,,,,5.61
329,,,,5.484
330,,,,5.668
331,,,,5.514
332,,,,5.468
333,,,,5.606
334,,,,5.71
335,,,,5.65
336,,,,5.596
337,,,,5.752
338,,,,5.974
339,,,,5.874
340,,,,5.776
341,,,,5.742
342,,,,6.492
343,,,,6.462
344,,,,6.254
345,,,,6.368
346,,,,6.176
347,,,,6.266
348,,,,6.728
349,,,,6.644
350,,,,6.786
351,,,,6.988
352,,,,6.736
353,,,,6.52
354,,,,6.352
355,,,,6.414
356,,,,6.29
357,,,,6.332
358,,,,6.512
359,,,,6.35
360,,,,6.548
361,,,,6.52
362,,,,6.66
363,,,,6.884
364,,,,6.974
365,,,,6.838
366,,,,6.178
367,,,,6.208
368,,,,6.082
369,,,,5.89
370,,,,5.706
371,,,,5.724
372,,,,5.6
373,,,,5.55
374,,,,5.58
375,,,,5.514
376,,,,5.554
377,,,,5.58
378,,,,5.714
379,,,,5.702
380,,,,5.746
381,,,,5.712
382,,,,5.616
383,,,,5.542
384,,,,5.424
385,,,,5.382
386,,,,5.45
387,,,,5.524
388,,,,5.646
389,,,,5.65
390,,,,4.558
391,,,,5.32
392,,,,5.362
393,,,,5.352
394,,,,5.32
395,,,,5.354
396,,,,5.484
397,,,,5.594
398,,,,5.788
399,,,,5.866
400,,,,5.914
401,,,,5.814
402,,,,5.916
403,,,,6.05
404,,,,6.23
405,,,,6.36
406,,,,6.32
407,,,,6.386
408,,,,6.516
409,,,,6.22
410,,,,6.298
411,,,,6.634
412,,,,6.72
413,,,,6.836
414,,,,6.994
415,,,,6.9
416,,,,6.844
417,,,,6.906
418,,,,6.75
419,,,,6.724
420,,,,6.762
421,,,,6.682
422,,,,6.882
423,,,,6.808
424,,,,6.754
425,,,,6.622
426,,,,6.624
427,,,,6.614
428,,,,6.948
429,,,,7.202
430,,,,7.218
431,,,,7.058
432,,,,7.0
433,,,,7.064
434,,,,6.996
435,,,,6.992
436,,,,7.03
437,,,,6.88
438,,,,6.816
439,,,,7.48
440,,,,7.588
441,,,,7.57
442,,,,7.466
443,,,,7.448
444,,,,7.316
445,,,,7.602
446,,,,7.0
447,,,,6.896
448,,,,6.63
449,,,,6.492
450,,,,6.618
451,,,,6.688
452,,,,6.718
453,,,,6.45
454,,,,6.448
455,,,,6.532
456,,,,6.632
457,,,,6.632
458,,,,6.388
459,,,,6.364
460,,,,6.582
461,,,,6.698
462,,,,6.668
463,,,,6.626
464,,,,6.756
465,,,,6.788
466,,,,6.492
467,,,,6.366
468,,,,6.494
469,,,,6.038
470,,,,6.012
471,,,,6.592
472,,,,6.45
473,,,,6.012
474,,,,5.886
475,,,,5.836
476,,,,5.714
477,,,,5.512
478,,,,5.754
479,,,,6.158
480,,,,6.204
481,,,,6.064
482,,,,5.962
483,,,,6.338
484,,,,6.082
485,,,,5.9
486,,,,5.63
487,,,,5.576
488,,,,5.582
489,,,,5.844
490,,,,5.786
491,,,,6.016
492,,,,5.824
493,,,,5.932
494,,,,5.954
495,,,,5.878
496,,,,5.982
497,,,,6.368
498,,,,6.418
499,,,,6.756
500,,,,6.438
501,,,,6.757
502,,,,6.622
503,,,,6.322
504,,,,6.392
505,,,,6.282
506,,,,6.258
507,,,,6.08
508,,,,6.132
509,,,,6.246
510,,,,6.198
511,,,,6.298
512,,,,6.254
513,,,,6.302
514,,,,6.54
515,,,,6.85
516,,,,7.192
517,,,,6.67
518,,,,6.43
519,,,,6.454
520,,,,6.358
521,,,,6.132
522,,,,5.968
523,,,,5.79
524,,,,5.626
525,,,,5.902
526,,,,5.47
527,,,,5.484
528,,,,5.25
529,,,,5.22
530,,,,5.454
531,,,,5.654
532,,,,6.05
533,,,,5.818
534,,,,5.882
535,,,,5.988
536,,,,6.234
537,,,,5.884
538,,,,5.88
539,,,,6.06
540,,,,6.002
541,,,,5.902
542,,,,5.822
543,,,,5.99
544,,,,6.146
545,,,,5.9
546,,,,5.664
547,,,,5.738
548,,,,5.682
549,,,,5.682
550,,,,5.704
551,,,,5.628
552,,,,5.588
553,,,,5.71
554,,,,5.87
555,,,,5.474
556,,,,5.56
557,,,,5.656
558,,,,5.896
559,,,,6.078
560,,,,6.508
561,,,,6.268
562,,,,6.21
563,,,,6.18
564,,,,6.004
565,,,,6.132
566,,,,5.532
567,,,,5.508
568,,,,5.698
569,,,,5.856
570,,,,5.832
571,,,,5.96
572,,,,5.86
573,,,,5.88
574,,,,5.778
575,,,,5.85
576,,,,5.674
577,,,,5.68
578,,,,5.664
579,,,,5.528
580,,,,5.466
581,,,,5.612
582,,,,5.76382
583,,,,5.608
584,,,,5.548
585,,,,5.57
586,,,,5.678
587,,,,5.484
588,,,,5.504
589,,,,5.476
590,,,,5.62628
591,,,,5.84908
592,,,,5.78364
593,,,,6.3
594,,,,6.23
595,,,,6.308
596,,,,6.262
597,,,,6.064
598,,,,6.214
599,,,,6.32286
600,,,,6.276
601,,,,6.164
602,,,,6.36798
603,,,,6.584
604,,,,6.6
605,,,,6.494
606,,,,6.426
607,,,,6.454
608,,,,6.43
609,,,,6.646
610,,,,6.738
611,,,,6.764
612,,,,6.924
613,,,,6.78
614,,,,6.742
615,,,,6.78
616,,,,6.834
617,,,,6.914
618,,,,7.056
619,,,,7.052
620,,,,6.722
621,,,,6.762
622,,,,6.88
623,,,,6.918
624,,,,6.922
625,,,,6.886
626,,,,6.8
627,,,,6.856
628,,,,6.718
629,,,,6.738
630,,,,6.644
631,,,,6.774
632,,,,7.072
633,,,,6.954
634,,,,6.88
635,,,,6.868
636,,,,6.736
637,,,,6.728
638,,,,6.706
639,,,,6.582
640,,,,6.652
641,,,,6.78
642,,,,6.82
643,,,,6.876
644,,,,6.904
645,,,,7.038
646,,,,7.2
647,,,,7.398
648,,,,7.396
649,,,,7.606
650,,,,7.59
651,,,,7.504
652,,,,7.502
653,,,,7.66
654,,,,7.548
655,,,,7.626
656,,,,7.834
657,,,,7.896
658,,,,7.848
659,,,,7.684
660,,,,7.578
661,,,,7.69
662,,,,7.66
663,,,,7.408
664,,,,7.856
665,,,,7.708
666,,,,7.032
667,,,,7.222
668,,,,6.876
669,,,,6.886
670,,,,7.02
671,,,,6.966
672,,,,6.93
673,,,,7.116
674,,,,7.33
675,,,,7.538
676,,,,7.646
677,,,,7.694
678,,,,7.82
679,,,,7.824
680,,,,7.796
681,,,,7.37
682,,,,7.058
683,,,,7.03
684,,,,7.016
685,,,,7.19
686,,,,7.202
687,,,,7.324
688,,,,7.506
689,,,,7.572
690,,,,7.632
691,,,,7.578
692,,,,8.786
693,,,,8.868
694,,,,8.22
695,,,,8.402
696,,,,8.274
697,,,,8.366
698,,,,8.1
699,,,,8.372
700,,,,8.718
701,,,,8.75
702,,,,8.66
703,,,,9.118
704,,,,9.09
705,,,,9.394
706,,,,9.566
707,,,,10.038
708,,,,10.202
709,,,,10.086
710,,,,10.4
711,,,,10.24
712,,,,10.988
713,,,,10.798
714,,,,10.656
715,,,,10.822
716,,,,10.91
717,,,,11.9
718,,,,11.102
719,,,,11.1573
720,,,,13.88
721,,,,15.3528
722,,,,17.56
723,,,,16.648
724,,,,16.9684
725,,,,18.4496
726,,,,18.3
727,,,,17.988
728,,,,17.518
729,,,,17.448
730,,,,18.546
731,,,,19.416
732,,,,22.0668
733,,,,20.9258
734,,,,20.99
735,,,,19.552
736,,,,18.518
737,,,,18.968
738,,,,19.074
739,,,,19.47
740,,,,20.408
741,,,,20.01
742,,,,18.894
743,,,,19.546
744,,,,19.636
745,,,,20.06
746,,,,20.44
747,,,,20.678
748,,,,20.936
749,,,,20.13
750,,,,19.91
751,,,,20.298
752,,,,20.48
753,,,,21.144
754,,,,21.85
755,,,,21.472
756,,,,23.4358
757,,,,23.564
758,,,,23.048
759,,,,24.018
760,,,,24.322
761,,,,24.69
762,,,,24.454
763,,,,25.122
764,,,,25.98
765,,,,25.452
766,,,,21.81
767,,,,24.05
768,,,,23.806
769,,,,23.936
770,,,,24.486
771,,,,24.548
772,,,,24.34
773,,,,24.814
774,,,,25.878
775,,,,26.924
776,,,,26.348
777,,,,26.856
778,,,,27.11
779,,,,27.6
780,,,,28.936
781,,,,28.43
782,,,,26.846
783,,,,30.696
784,,,,30.6
785,,,,29.476
786,,,,29.086
787,,,,27.872
788,,,,27.934
789,,,,28.4
790,,,,28.98
791,,,,29.916
792,,,,29.572
793,,,,31.42
794,,,,32.3678
795,,,,32.844
796,,,,33.402
797,,,,33.29
798,,,,33.212
799,,,,33.8
800,,,,33.788
801,,,,34.1244
802,,,,33.986
803,,,,33.394
804,,,,32.14
805,,,,33.274
806,,,,32.704
807,,,,32.986
808,,,,33.108
809,,,,33.316
810,,,,33.246
811,,,,33.2436
812,,,,35.584
813,,,,36.678
814,,,,36.222
815,,,,36.466
816,,,,37.0476
817,,,,37.728
818,,,,38.18
819,,,,38.674
820,,,,38.6
821,,,,36.19
822,,,,34.662
823,,,,36.196
824,,,,36.614
825,,,,34.946
826,,,,33.756
827,,,,34.586
828,,,,35.74
829,,,,35.944
830,,,,36.788
831,,,,36.712
832,,,,36.5604
833,,,,36.68
834,,,,34.52
835,,,,34.308
836,,,,32.9
837,,,,34.63
838,,,,33.932
839,,,,32.572
840,,,,32.894
841,,,,31.844
842,,,,31.988
843,,,,32.434
844,,,,35.04
845,,,,35.362
846,,,,30.232
847,,,,27.9544
848,,,,27.59
849,,,,28.9396
850,,,,27.56
851,,,,27.74
852,,,,27.52
853,,,,27.09
854,,,,24.316
855,,,,25.218
856,,,,24.222
857,,,,24.42
858,,,,24.276
859,,,,24.168
860,,,,24.1
861,,,,25.388
862,,,,25.456
863,,,,24.834
864,,,,28.94
865,,,,27.79
866,,,,28.096
867,,,,27.472
868,,,,28.32
869,,,,28.438
870,,,,27.93
871,,,,29.494
872,,,,29.5308
873,,,,29.588
874,,,,30.492
875,,,,29.596
876,,,,28.144
877,,,,28.648
878,,,,28.71
879,,,,30.282
880,,,,31.1
881,,,,30.224
882,,,,30.488
883,,,,30.0858
884,,,,30.02
885,,,,29.912
886,,,,29.4
887,,,,29.872
888,,,,30.256
889,,,,29.506
890,,,,29.14398
891,,,,27.868
892,,,,32.254
893,,,,32.826
894,,,,34.194
895,,,,34.002
896,,,,35.336
897,,,,35.712
898,,,,36.3
899,,,,34.92
900,,,,33.924
901,,,,35.676
902,,,,35.046
903,,,,36.568
904,,,,36.282
905,,,,35.422
906,,,,35.746
907,,,,34.884
908,,,,35.676
909,,,,37.306
910,,,,39.312
911,,,,39.324
912,,,,39.064
913,,,,39.926
914,,,,39.646
915,,,,40.74
916,,,,38.728
917,,,,41.994
918,,,,41.92
919,,,,43.53
920,,,,49.6
921,,,,50.6
922,,,,50.508
923,,,,48.962
924,,,,50.112
925,,,,50.968
926,,,,50.532
927,,,,50.588
928,,,,49.242
929,,,,47.768
930,,,,46.882
931,,,,48.298
932,,,,47.558
933,,,,46.194
934,,,,46.796
935,,,,48.008
936,,,,47.168
937,,,,46.982
938,,,,45.778
939,,,,44.034
940,,,,44.088
941,,,,42.592
942,,,,41.464
943,,,,42.474
944,,,,41.69
945,,,,43.394
946,,,,46.058
947,,,,45.08
948,,,,42.445
949,,,,41.504
950,,,,43.092
951,,,,43.386
952,,,,40.838
953,,,,40.756
954,,,,39.618
955,,,,38.782
956,,,,39.822
957,,,,39.624
958,,,,40.876
959,,,,43.728
960,,,,41.598
961,,,,41.572
962,,,,39.97
963,,,,39.702
964,,,,41.384
965,,,,41.578
966,,,,41.546
967,,,,42.182
968,,,,43.322
969,,,,41.456
970,,,,40.27
971,,,,35.718
972,,,,36.452
973,,,,36.934
974,,,,38.032
975,,,,38.124
976,,,,37.718
977,,,,38.312
978,,,,39.218
979,,,,39.06
980,,,,39.89
981,,,,40.976
982,,,,41.46
983,,,,42.312
984,,,,42.048
985,,,,42.048
986,,,,41.554
987,,,,40.94
988,,,,40.988
989,,,,40.798
990,,,,41.38
991,,,,41.6342
992,,,,41.062
993,,,,40.46
994,,,,40.894
995,,,,40.704
996,,,,41.284
997,,,,44.922
998,,,,46.334
999,,,,45.424
1000,,,,45.558
1001,,,,45.918
1002,,,,47.444
1003,,,,46.5
1004,,,,47.3782
1005,,,,47.12
1006,,,,47.812
1007,,,,48.012
1008,,,,47.944
1009,,,,45.885
1010,,,,45.85
1011,,,,44.532
1012,,,,43.814
1013,,,,44.612
1014,,,,43.892
1015,,,,43.626
1016,,,,45.34
1017,,,,43.916
1018,,,,43.432
1019,,,,43.08
1020,,,,44.00402
1021,,,,44.108
1022,,,,43.916
1023,,,,44.498
1024,,,,44.708
1025,,,,44.714
1026,,,,44.964
1027,,,,45.002
1028,,,,45.784
1029,,,,44.66
1030,,,,46.654
1031,,,,47.704
1032,,,,47.698
1033,,,,49.78602
1034,,,,50.478
1035,,,,49.626
1036,,,,51.864
1037,,,,51.992
1038,,,,52.062
1039,,,,52.276
1040,,,,52.402
1041,,,,51.988
1042,,,,51.352
1043,,,,51.142
1044,,,,50.868
1045,,,,51.356
1046,,,,52.51
1047,,,,52.348
1048,,,,52.65
1049,,,,52.772
1050,,,,53.94
1051,,,,56.824
1052,,,,56.238
1053,,,,57.208
1054,,,,55.478
1055,,,,56.422
1056,,,,55.696
1057,,,,56.22
1058,,,,56.062
1059,,,,55.84
1060,,,,50.772
1061,,,,52.148
1062,,,,52.276
1063,,,,52.764
1064,,,,51.864
1065,,,,50.006
1066,,,,50.082
1067,,,,50.428
1068,,,,49.39
1069,,,,49.32
1070,,,,49.052
1071,,,,48.536
1072,,,,48.048
1073,,,,50.284
1074,,,,51.042
1075,,,,52.124
1076,,,,51.914
1077,,,,51.856
1078,,,,51.402
1079,,,,47.382
1080,,,,44.918
1081,,,,45.412
1082,,,,45.94
1083,,,,45.27
1084,,,,45.496
1085,,,,46.094
1086,,,,47.068
1087,,,,46.22
1088,,,,47.058
1089,,,,47.048
1090,,,,44.334
1091,,,,48.554
1092,,,,47.62
1093,,,,47.732
1094,,,,48.34
1095,,,,48.518
1096,,,,47.786
1097,,,,46.194
1098,,,,48.244
1099,,,,48.04
1100,,,,48.386
1101,,,,50.216
1102,,,,49.82
1103,,,,50.34
1104,,,,51.736
1105,,,,50.796
1106,,,,51.54
1107,,,,49.548
1108,,,,49.742
1109,,,,48.556
1110,,,,49.344
1111,,,,49.618
1112,,,,49.688
1113,,,,48.904
1114,,,,46.328
1115,,,,46.286
1116,,,,45.86
1117,,,,45.656
1118,,,,44.742
1119,,,,42.872
1120,,,,43.378
1121,,,,41.968
1122,,,,41.776
1123,,,,41.4
1124,,,,40.808
1125,,,,39.562
1126,,,,41.164
1127,,,,43.652
1128,,,,43.858
1129,,,,44.52
1130,,,,44.194
1131,,,,44.452
1132,,,,45.564
1133,,,,45.142
1134,,,,44.446
1135,,,,44.482
1136,,,,43.862
1137,,,,42.018
1138,,,,42.256
1139,,,,42.19
1140,,,,42.123
1141,,,,41.332
1142,,,,40.442
1143,,,,40.85
1144,,,,38.538
1145,,,,38.374
1146,,,,38.614
1147,,,,38.386
1148,,,,39.314
1149,,,,40.324
1150,,,,40.258
1151,,,,41.31
1152,,,,41.196
1153,,,,39.874
1154,,,,41.04
1155,,,,40.72
1156,,,,42.188
1157,,,,43.672
1158,,,,43.71
1159,,,,44.198
1160,,,,43.472
1161,,,,43.496
1162,,,,43.258
1163,,,,42.56
1164,,,,40.576
1165,,,,40.754
1166,,,,40.87
1167,,,,40.892
1168,,,,42.341
1169,,,,43.422
1170,,,,41.467
1171,,,,40.822
1172,,,,40.752
1173,,,,41.438
1174,,,,40.668
1175,,,,39.465
1176,,,,39.912
1177,,,,40.487
1178,,,,40.126
1179,,,,38.776
1180,,,,38.176
1181,,,,38.064
1182,,,,38.748
1183,,,,38.214
1184,,,,37.736
1185,,,,39.14
1186,,,,38.946
1187,,,,40.142
1188,,,,39.13
1189,,,,39.616
1190,,,,39.926
1191,,,,40.344
1192,,,,38.86
1193,,,,38.081
1194,,,,37.0
1195,,,,38.114
1196,,,,37.754
1197,,,,37.518
1198,,,,38.2
1199,,,,40.62
1200,,,,40.65
1201,,,,41.534
1202,,,,42.018
1203,,,,42.18
1204,,,,41.956
1205,,,,41.492
1206,,,,41.566
1207,,,,41.34
1208,,,,41.358
1209,,,,41.054
1210,,,,41.882
1211,,,,43.888
1212,,,,43.72
1213,,,,43.685
1214,,,,46.31
1215,,,,46.096
1216,,,,46.49
1217,,,,45.21
1218,,,,45.206
1219,,,,46.102
1220,,,,46.59
1221,,,,46.086
1222,,,,47.36
1223,,,,47.322
1224,,,,47.898
1225,,,,48.948
1226,,,,48.636
1227,,,,48.82
1228,,,,49.768
1229,,,,49.75
1230,,,,49.428
1231,,,,48.87
1232,,,,49.124
1233,,,,49.546
1234,,,,49.491
1235,,,,49.486
1236,,,,50.29
1237,,,,50.16
1238,,,,49.89
1239,,,,49.67
1240,,,,49.798
1241,,,,49.184
1242,,,,49.828
1243,,,,51.258
1244,,,,51.2
1245,,,,50.14
1246,,,,50.282
1247,,,,50.138
1248,,,,50.076
1249,,,,50.624
1250,,,,52.082
1251,,,,52.378
1252,,,,52.502
1253,,,,51.958
1254,,,,53.534
1255,,,,53.034
1256,,,,53.758
1257,,,,53.418
1258,,,,52.404
1259,,,,53.652
1260,,,,53.83
1261,,,,56.004
1262,,,,55.944
1263,,,,53.576
1264,,,,50.992
1265,,,,51.584
1266,,,,51.83
1267,,,,52.432
1268,,,,53.13
1269,,,,52.628
1270,,,,53.336
1271,,,,54.932
1272,,,,56.452
1273,,,,53.354
1274,,,,53.574
1275,,,,53.44
1276,,,,53.082
1277,,,,50.602
1278,,,,52.964
1279,,,,52.764
1280,,,,53.358
1281,,,,53.23
1282,,,,51.998
1283,,,,53.256
1284,,,,54.026
1285,,,,49.226
1286,,,,48.502
1287,,,,48.228
1288,,,,47.474
1289,,,,47.634
1290,,,,48.502
1291,,,,48.63
1292,,,,50.998
1293,,,,52.144
1294,,,,51.05
1295,,,,48.436
1296,,,,46.154
1297,,,,43.774
1298,,,,44.006
1299,,,,44.968
1300,,,,48.598
1301,,,,49.696
1302,,,,49.812
1303,,,,47.726
1304,,,,49.538
1305,,,,49.114
1306,,,,48.386
1307,,,,49.634
1308,,,,49.782
1309,,,,49.696
1310,,,,50.048
1311,,,,50.638
1312,,,,50.714
1313,,,,52.45
1314,,,,52.414
1315,,,,52.124
1316,,,,52.84
1317,,,,52.188
1318,,,,52.212
1319,,,,52.624
1320,,,,51.382
1321,,,,49.686
1322,,,,49.33
1323,,,,49.68
1324,,,,47.976
1325,,,,49.514
1326,,,,49.23
1327,,,,48.292
1328,,,,46.392
1329,,,,45.344
1330,,,,44.138
1331,,,,43.116
1332,,,,43.85
1333,,,,43.376
1334,,,,44.262
1335,,,,45.402
1336,,,,45.62
1337,,,,42.606
1338,,,,42.018
1339,,,,42.344
1340,,,,41.818
1341,,,,43.052
1342,,,,42.07
1343,,,,42.592
1344,,,,42.326
1345,,,,41.386
1346,,,,42.758
1347,,,,41.67
1348,,,,46.326
1349,,,,46.354
1350,,,,46.472
1351,,,,45.066
1352,,,,43.3
1353,,,,43.816
1354,,,,42.588
1355,,,,41.438
1356,,,,42.862
1357,,,,42.8
1358,,,,44.214
1359,,,,44.36
1360,,,,44.002
1361,,,,43.55
1362,,,,43.65
1363,,,,45.928
1364,,,,46.322
1365,,,,46.052
1366,,,,47.438
1367,,,,46.398
1368,,,,46.542
1369,,,,46.076
1370,,,,46.226
1371,,,,45.344
1372,,,,44.904
1373,,,,45.414
1374,,,,43.404
1375,,,,43.716
1376,,,,44.218
1377,,,,46.902
1378,,,,46.678
1379,,,,46.092
1380,,,,46.512
1381,,,,45.99
1382,,,,45.94
1383,,,,46.114
1384,,,,45.79
1385,,,,47.438
1386,,,,47.618
1387,,,,48.002
1388,,,,44.682
1389,,,,44.686
1390,,,,43.808
1391,,,,43.13
1392,,,,42.2
1393,,,,41.57
1394,,,,41.994
1395,,,,40.062
1396,,,,41.236
1397,,,,40.998
1398,,,,40.944
1399,,,,39.74
1400,,,,39.994
1401,,,,40.51
1402,,,,39.276
1403,,,,38.712
1404,,,,37.614
1405,,,,37.94
1406,,,,38.24
1407,,,,39.388
1408,,,,36.556
1409,,,,34.696
1410,,,,35.066
1411,,,,32.52
1412,,,,29.598
1413,,,,29.65
1414,,,,28.734
1415,,,,30.094
1416,,,,30.208
1417,,,,31.034
1418,,,,33.736
1419,,,,33.354
1420,,,,33.316
1421,,,,35.548
1422,,,,35.442
1423,,,,35.8
1424,,,,37.486
1425,,,,38.068
1426,,,,38.386
1427,,,,37.27
1428,,,,37.668
1429,,,,39.148
1430,,,,40.208
1431,,,,41.058
1432,,,,40.52
1433,,,,41.744
1434,,,,41.036
1435,,,,41.5
1436,,,,43.03
1437,,,,43.668
1438,,,,44.386
1439,,,,45.276
1440,,,,46.548
1441,,,,47.664
1442,,,,46.848
1443,,,,44.516
1444,,,,45.55
1445,,,,46.052
1446,,,,46.026
1447,,,,45.378
1448,,,,45.954
1449,,,,47.518
1450,,,,49.398
1451,,,,51.094
1452,,,,53.084
1453,,,,51.44
1454,,,,50.014
1455,,,,49.984
1456,,,,49.564
1457,,,,50.906
1458,,,,50.372
1459,,,,50.902
1460,,,,50.776
1461,,,,49.474
1462,,,,49.994
1463,,,,49.658
1464,,,,50.75
1465,,,,50.364
1466,,,,50.748
1467,,,,50.294
1468,,,,49.542
1469,,,,48.152
1470,,,,48.36
1471,,,,46.464
1472,,,,44.512
1473,,,,42.306
1474,,,,42.986
1475,,,,41.784
1476,,,,41.738
1477,,,,41.792
1478,,,,41.456
1479,,,,41.522
1480,,,,41.658
1481,,,,40.932
1482,,,,42.234
1483,,,,43.042
1484,,,,44.056
1485,,,,43.244
1486,,,,43.582
1487,,,,43.916
1488,,,,45.024
1489,,,,44.608
1490,,,,44.646
1491,,,,43.912
1492,,,,43.792
1493,,,,43.798
1494,,,,44.136
1495,,,,46.468
1496,,,,47.104
1497,,,,45.872
1498,,,,43.758
1499,,,,43.574
1500,,,,42.992
1501,,,,43.54
1502,,,,43.586
1503,,,,43.094
1504,,,,43.94
1505,,,,43.922
1506,,,,39.332
1507,,,,39.28
1508,,,,38.63
1509,,,,39.71
1510,,,,40.358
1511,,,,42.038
1512,,,,42.456
1513,,,,43.3
1514,,,,42.796
1515,,,,42.888
1516,,,,43.188
1517,,,,43.356
1518,,,,44.956
1519,,,,44.93
1520,,,,44.506
1521,,,,44.306
1522,,,,44.08
1523,,,,45.25
1524,,,,45.052
1525,,,,45.672
1526,,,,44.1
1527,,,,44.454
1528,,,,46.002
1529,,,,45.902
1530,,,,45.698
1531,,,,46.122
1532,,,,46.958
1533,,,,46.002
1534,,,,45.44
1535,,,,45.158
1536,,,,46.122
1537,,,,46.006
1538,,,,45.232
1539,,,,45.816
1540,,,,45.13
1541,,,,44.982
1542,,,,45.122
1543,,,,45.118
1544,,,,44.722
1545,,,,44.648
1546,,,,44.702
1547,,,,45.0
1548,,,,44.586
1549,,,,44.968
1550,,,,44.524
1551,,,,44.192
1552,,,,43.998
1553,,,,43.04
1554,,,,42.268
1555,,,,42.402
1556,,,,40.154
1557,,,,39.556
1558,,,,40.566
1559,,,,40.342
1560,,,,39.472
1561,,,,38.894
1562,,,,39.66
1563,,,,39.21
1564,,,,39.282
1565,,,,40.084
1566,,,,41.08
1567,,,,41.268
1568,,,,40.928
1569,,,,41.044
1570,,,,41.286
1571,,,,41.49
1572,,,,41.798
1573,,,,41.162
1574,,,,41.254
1575,,,,40.14
1576,,,,40.806
1577,,,,42.74
1578,,,,42.282
1579,,,,41.692
1580,,,,40.2
1581,,,,39.322
1582,,,,40.19
1583,,,,40.02
1584,,,,40.302
1585,,,,40.048
1586,,,,39.302
1587,,,,38.792
1588,,,,39.82
1589,,,,40.712
1590,,,,39.82
1591,,,,40.018
1592,,,,40.552
1593,,,,40.468
1594,,,,40.448
1595,,,,40.802
1596,,,,39.994
1597,,,,39.546
1598,,,,38.158
1599,,,,37.604
1600,,,,37.484
1601,,,,38.112
1602,,,,38.642
1603,,,,38.988
1604,,,,38.012
1605,,,,37.07
1606,,,,37.712
1607,,,,36.29
1608,,,,36.754
1609,,,,36.786
1610,,,,37.732
1611,,,,37.004
1612,,,,36.904
1613,,,,38.234
1614,,,,38.628
1615,,,,39.33
1616,,,,39.224
1617,,,,37.914
1618,,,,37.88
1619,,,,36.376
1620,,,,36.294
1621,,,,37.36
1622,,,,37.17
1623,,,,38.63
1624,,,,38.458
1625,,,,38.436
1626,,,,38.486
1627,,,,39.63
1628,,,,39.738
1629,,,,39.516
1630,,,,40.498
1631,,,,40.546
1632,,,,41.758
1633,,,,41.54
1634,,,,41.69
1635,,,,42.668
1636,,,,43.906
1637,,,,43.948
1638,,,,42.936
1639,,,,42.738
1640,,,,43.398
1641,,,,45.398
1642,,,,45.35
1643,,,,45.802
1644,,,,46.256
1645,,,,45.974
1646,,,,45.946
1647,,,,45.918
1648,,,,47.55
1649,,,,47.116
1650,,,,47.672
1651,,,,48.752
1652,,,,48.946
1653,,,,49.784
1654,,,,50.922
1655,,,,50.894
1656,,,,50.502
1657,,,,50.59
1658,,,,50.126
1659,,,,50.386
1660,,,,49.848
1661,,,,50.31
1662,,,,50.266
1663,,,,51.554
1664,,,,51.496
1665,,,,52.416
1666,,,,53.84
1667,,,,53.846
1668,,,,56.12
1669,,,,56.196
1670,,,,55.952
1671,,,,53.79
1672,,,,54.446
1673,,,,55.478
1674,,,,54.702
1675,,,,51.198
1676,,,,51.4
1677,,,,49.246
1678,,,,49.998
1679,,,,50.004
1680,,,,50.096
1681,,,,50.314
1682,,,,50.242
1683,,,,49.718
1684,,,,49.374
1685,,,,48.98
1686,,,,48.738
1687,,,,49.234
1688,,,,51.6
1689,,,,51.146
1690,,,,52.41
1691,,,,52.3
1692,,,,52.384
1693,,,,50.136
1694,,,,51.002
1695,,,,50.956
1696,,,,52.632
1697,,,,54.044
1698,,,,55.49
1699,,,,55.476
1700,,,,55.584
1701,,,,55.66
1702,,,,59.704
1703,,,,60.74
1704,,,,59.0
1705,,,,59.74
1706,,,,60.508
1707,,,,62.478
1708,,,,61.742
1709,,,,59.368
1710,,,,60.8
1711,,,,60.288
1712,,,,60.05
1713,,,,61.104
1714,,,,60.502
1715,,,,61.12
1716,,,,61.606
1717,,,,62.758
1718,,,,62.034
1719,,,,61.726
1720,,,,62.814
1721,,,,64.566
1722,,,,63.778
1723,,,,62.204
1724,,,,59.092
1725,,,,61.67
1726,,,,61.438
1727,,,,64.252
1728,,,,65.044
1729,,,,64.62
1730,,,,64.962
1731,,,,63.176
1732,,,,63.402
1733,,,,61.222
1734,,,,62.612
1735,,,,62.166
1736,,,,62.07
1737,,,,60.772
1738,,,,62.044
1739,,,,63.366
1740,,,,65.028
1741,,,,67.02
1742,,,,68.202
1743,,,,68.074
1744,,,,67.97
1745,,,,69.464
1746,,,,70.57
1747,,,,71.93
1748,,,,74.0
1749,,,,71.464
1750,,,,71.802
1751,,,,75.19
1752,,,,76.132
1753,,,,75.068
1754,,,,74.28
1755,,,,73.96
1756,,,,74.448
1757,,,,75.28
1758,,,,76.522
1759,,,,76.69
1760,,,,75.498
1761,,,,72.474
1762,,,,74.248
1763,,,,72.15
1764,,,,72.322
1765,,,,70.524
1766,,,,65.418
1767,,,,61.766
1768,,,,62.644
1769,,,,63.21
1770,,,,65.444
1771,,,,65.904
1772,,,,64.682
1773,,,,65.556
1774,,,,63.914
1775,,,,65.648
1776,,,,65.052
1777,,,,65.984
1778,,,,65.68
1779,,,,68.504
1780,,,,67.92
1781,,,,68.77
1782,,,,66.892
1783,,,,67.014
1784,,,,64.694
1785,,,,63.914
1786,,,,65.178
1787,,,,69.418
1788,,,,71.382
1789,,,,71.034
1790,,,,73.044
1791,,,,72.706
1792,,,,71.08
1793,,,,71.543
1794,,,,72.76
1795,,,,72.466
1796,,,,72.582
1797,,,,70.384
1798,,,,69.492
1799,,,,67.572
1800,,,,68.27
1801,,,,70.554
1802,,,,70.586
1803,,,,69.61
1804,,,,69.132
1805,,,,69.472
1806,,,,70.636
1807,,,,71.18
1808,,,,71.08
1809,,,,69.918
1810,,,,68.906
1811,,,,70.122
1812,,,,68.68
1813,,,,72.738
1814,,,,72.55
1815,,,,73.246
1816,,,,75.528
1817,,,,75.962
1818,,,,77.0
1819,,,,75.02
1820,,,,74.782
1821,,,,73.296
1822,,,,70.218
1823,,,,68.998
1824,,,,69.05
1825,,,,68.194
1826,,,,67.92
1827,,,,68.22
1828,,,,68.306
1829,,,,69.628
1830,,,,71.002
1831,,,,71.066
1832,,,,71.376
1833,,,,68.588
1834,,,,71.118
1835,,,,70.92
1836,,,,71.136
1837,,,,71.114
1838,,,,70.12
1839,,,,71.15
1840,,,,71.93
1841,,,,70.362
1842,,,,69.02
1843,,,,67.404
1844,,,,67.468
1845,,,,65.168
1846,,,,65.234
1847,,,,64.174
1848,,,,64.016
1849,,,,66.306
1850,,,,64.216
1851,,,,59.852
1852,,,,61.218
1853,,,,60.556
1854,,,,61.21
1855,,,,60.878
1856,,,,60.598
1857,,,,60.598
1858,,,,63.08
1859,,,,61.74
1860,,,,62.26
1861,,,,62.5
1862,,,,63.01
1863,,,,61.748
1864,,,,63.562
1865,,,,62.52
1866,,,,63.11
1867,,,,63.362
1868,,,,63.51
1869,,,,61.508
1870,,,,61.77
1871,,,,61.306
1872,,,,61.04
1873,,,,60.74
1874,,,,62.652
1875,,,,62.248
1876,,,,63.026
1877,,,,65.782
1878,,,,68.206
1879,,,,67.806
1880,,,,67.578
1881,,,,68.69
1882,,,,67.774
1883,,,,66.22
1884,,,,65.796
1885,,,,66.332
1886,,,,65.04
1887,,,,63.458
1888,,,,62.328
1889,,,,63.072
1890,,,,62.27
1891,,,,64.106
1892,,,,63.45
1893,,,,62.924
1894,,,,63.316
1895,,,,67.282
1896,,,,66.738
1897,,,,66.96
1898,,,,67.59
1899,,,,67.244
1900,,,,68.012
1901,,,,69.432
1902,,,,68.914
1903,,,,70.004
1904,,,,70.312
1905,,,,70.558
1906,,,,69.178
1907,,,,67.528
1908,,,,68.57
1909,,,,69.906
1910,,,,69.164
1911,,,,70.862
1912,,,,69.85
1913,,,,68.75
1914,,,,66.626
1915,,,,66.794
1916,,,,69.0
1917,,,,63.046
1918,,,,62.084
1919,,,,63.146
1920,,,,64.732
1921,,,,64.462
1922,,,,66.814
1923,,,,67.098
1924,,,,66.954
1925,,,,66.66
1926,,,,69.234
1927,,,,70.41
1928,,,,71.484
1929,,,,70.198
1930,,,,68.612
1931,,,,66.186
1932,,,,67.024
1933,,,,66.67
1934,,,,65.64
1935,,,,66.46
1936,,,,65.82
1937,,,,65.434
1938,,,,69.102
1939,,,,68.368
1940,,,,65.326
1941,,,,65.12
1942,,,,64.27
1943,,,,62.712
1944,,,,62.11
1945,,,,63.306
1946,,,,61.82
1947,,,,60.308
1948,,,,60.836
1949,,,,55.836
1950,,,,51.556
1951,,,,53.226
1952,,,,50.496
1953,,,,53.506
1954,,,,57.388
1955,,,,61.144
1956,,,,59.86
1957,,,,57.932
1958,,,,60.94
1959,,,,60.186
1960,,,,58.816
1961,,,,60.068
1962,,,,58.242
1963,,,,57.538
1964,,,,58.67
1965,,,,60.016
1966,,,,58.048
1967,,,,56.674
1968,,,,56.692
1969,,,,56.138
1970,,,,57.096
1971,,,,58.816
1972,,,,58.78
1973,,,,59.984
1974,,,,60.23
1975,,,,56.89
1976,,,,58.818
1977,,,,60.554
1978,,,,60.394
1979,,,,61.37
1980,,,,61.004
1981,,,,60.212
1982,,,,58.394
1983,,,,56.836
1984,,,,57.296
1985,,,,56.908
1986,,,,55.364
1987,,,,56.898
1988,,,,55.002
1989,,,,55.814
1990,,,,55.57
1991,,,,55.77
1992,,,,56.752
1993,,,,58.344
1994,,,,56.946
1995,,,,58.364
1996,,,,59.348
1997,,,,58.226
1998,,,,63.9
1999,,,,63.218
2000,,,,63.532
2001,,,,66.42
2002,,,,68.554
2003,,,,68.956
2004,,,,71.544
2005,,,,71.634
2006,,,,74.166
2007,,,,70.51
2008,,,,72.444
2009,,,,69.502
2010,,,,66.726
2011,,,,66.602
2012,,,,68.4
2013,,,,68.9
2014,,,,69.986
2015,,,,68.59
2016,,,,67.014
2017,,,,62.172
2018,,,,61.832
2019,,,,61.78
2020,,,,63.702
2021,,,,64.494
2022,,,,63.792
2023,,,,63.342
2024,,,,63.774
2025,,,,62.02
2026,,,,64.538
2027,,,,64.77
2028,,,,64.046
2029,,,,62.716
2030,,,,60.64
2031,,,,59.486
2032,,,,61.748
2033,,,,61.33
2034,,,,59.436
2035,,,,58.034
2036,,,,59.628
2037,,,,60.168
2038,,,,69.908
2039,,,,69.634
2040,,,,68.398
2041,,,,75.914
2042,,,,74.068
2043,,,,70.49
2044,,,,71.098
2045,,,,71.282
2046,,,,69.528
2047,,,,67.738
2048,,,,67.09
2049,,,,61.1
2050,,,,61.688
2051,,,,64.38
2052,,,,64.328
2053,,,,64.02
2054,,,,64.564
2055,,,,63.854
2056,,,,62.372
2057,,,,61.002
2058,,,,60.63
2059,,,,60.332
2060,,,,57.79
2061,,,,56.148
2062,,,,56.19
2063,,,,52.648
2064,,,,57.1
2065,,,,55.888
2066,,,,58.108
2067,,,,57.892
2068,,,,59.04
2069,,,,58.968
2070,,,,56.992
2071,,,,59.804
2072,,,,59.666
2073,,,,59.82
2074,,,,59.936
2075,,,,60.198
2076,,,,61.916
2077,,,,61.504
2078,,,,52.954
2079,,,,62.14
2080,,,,60.204
2081,,,,58.96
2082,,,,56.366
2083,,,,52.39
2084,,,,50.112
2085,,,,52.56
2086,,,,51.376
2087,,,,50.446
2088,,,,51.756
2089,,,,51.918
2090,,,,55.318
2091,,,,54.356
2092,,,,52.782
2093,,,,52.0
2094,,,,52.19
2095,,,,58.828
2096,,,,57.7
2097,,,,62.972
2098,,,,66.18
2099,,,,66.97
2100,,,,65.98
2101,,,,67.464
2102,,,,68.856
2103,,,,69.282
2104,,,,68.28
2105,,,,68.212
2106,,,,69.632
2107,,,,70.28
2108,,,,70.102
2109,,,,66.256
2110,,,,67.746
2111,,,,68.8
2112,,,,69.688
2113,,,,70.862
2114,,,,70.694
2115,,,,69.498
2116,,,,67.638
2117,,,,65.166
2118,,,,69.2
2119,,,,68.784
2120,,,,69.574
2121,,,,68.234
2122,,,,70.096
2123,,,,71.698
2124,,,,71.94
2125,,,,72.612
2126,,,,71.594
2127,,,,73.03
2128,,,,73.352
2129,,,,73.32
2130,,,,75.358
2131,,,,73.142
2132,,,,69.684
2133,,,,67.406
2134,,,,66.594
2135,,,,63.076
2136,,,,63.954
2137,,,,59.078
2138,,,,65.218
2139,,,,63.226
2140,,,,66.774
2141,,,,66.56
2142,,,,62.024
2143,,,,60.072
2144,,,,63.538
2145,,,,66.992
2146,,,,67.07
2147,,,,67.706
2148,,,,68.994
2149,,,,69.452
2150,,,,66.88
2151,,,,68.886
2152,,,,69.21
2153,,,,69.462
2154,,,,60.452
2155,,,,59.784
2156,,,,57.518
2157,,,,58.302
2158,,,,59.408
2159,,,,59.276
2160,,,,59.492
2161,,,,61.754
2162,,,,61.404
2163,,,,62.442
2164,,,,62.578
2165,,,,64.27
2166,,,,63.444
2167,,,,61.502
2168,,,,61.16
2169,,,,62.568
2170,,,,62.362
2171,,,,61.634
2172,,,,60.754
2173,,,,61.576
2174,,,,61.128
2175,,,,60.512
2176,,,,58.246
2177,,,,58.942
2178,,,,59.754
2179,,,,59.572
2180,,,,62.948
2181,,,,63.976
2182,,,,58.958
2183,,,,57.072
2184,,,,55.308
2185,,,,55.248
2186,,,,55.318
2187,,,,56.828
2188,,,,58.184
2189,,,,56.672
2190,,,,57.792
2191,,,,57.992
2192,,,,55.086
2193,,,,53.898
2194,,,,53.494
2195,,,,54.72
2196,,,,54.804
2197,,,,52.906
2198,,,,52.084
2199,,,,53.554
2200,,,,54.966
2201,,,,55.724
2202,,,,55.972
2203,,,,57.836
2204,,,,57.176
2205,,,,58.362
2206,,,,53.556
2207,,,,54.992
2208,,,,54.64
2209,,,,54.462
2210,,,,55.212
2211,,,,53.684
2212,,,,53.54
2213,,,,53.276
2214,,,,54.672
2215,,,,54.246
2216,,,,54.652
2217,,,,52.55
2218,,,,52.78
2219,,,,51.732
2220,,,,49.526
2221,,,,47.028
2222,,,,48.294
2223,,,,47.738
2224,,,,46.802
2225,,,,48.82
2226,,,,51.006
2227,,,,51.068
2228,,,,49.412
2229,,,,48.968
2230,,,,48.396
2231,,,,47.904
2232,,,,45.402
2233,,,,46.462
2234,,,,46.39
2235,,,,45.666
2236,,,,42.206
2237,,,,41.072
2238,,,,41.016
2239,,,,38.546
2240,,,,39.098
2241,,,,38.126
2242,,,,37.74
2243,,,,37.972
2244,,,,37.644
2245,,,,37.032
2246,,,,35.794
2247,,,,38.72
2248,,,,39.318
2249,,,,41.19
2250,,,,40.9
2251,,,,42.576
2252,,,,43.42
2253,,,,41.852
2254,,,,42.782
2255,,,,42.984
2256,,,,45.006
2257,,,,44.948
2258,,,,45.286
2259,,,,43.924
2260,,,,44.372
2261,,,,44.728
2262,,,,43.952
2263,,,,43.854
2264,,,,44.568
2265,,,,44.692
2266,,,,45.434
2267,,,,44.91
2268,,,,46.98
2269,,,,46.62
2270,,,,46.068
2271,,,,46.012
2272,,,,47.784
2273,,,,47.72
2274,,,,49.016
2275,,,,50.7
2276,,,,50.476
2277,,,,50.972
2278,,,,50.708
2279,,,,51.636
2280,,,,51.136
2281,,,,52.034
2282,,,,52.976
2283,,,,45.764
2284,,,,45.608
2285,,,,47.154
2286,,,,48.452
2287,,,,48.322
2288,,,,46.77
2289,,,,46.868
2290,,,,45.664
2291,,,,46.15
2292,,,,46.684
2293,,,,47.66
2294,,,,47.002
2295,,,,45.802
2296,,,,47.0
2297,,,,43.924
2298,,,,43.128
2299,,,,43.988
2300,,,,45.366
2301,,,,45.172
2302,,,,44.166
2303,,,,44.43
2304,,,,42.28
2305,,,,43.0
2306,,,,42.816
2307,,,,43.118
2308,,,,44.342
2309,,,,45.122
2310,,,,45.002
2311,,,,44.136
2312,,,,45.916
2313,,,,45.49
2314,,,,46.358
2315,,,,47.108
2316,,,,49.42
2317,,,,49.174
2318,,,,49.04
2319,,,,48.562
2320,,,,48.958
2321,,,,48.698
2322,,,,49.32
2323,,,,48.124
2324,,,,48.246
2325,,,,44.642
2326,,,,45.74
2327,,,,48.512
2328,,,,48.426
2329,,,,48.174
2330,,,,48.938
2331,,,,48.626
2332,,,,46.606
2333,,,,46.286
2334,,,,47.544
2335,,,,48.01
2336,,,,48.906
2337,,,,48.948
2338,,,,49.578
2339,,,,51.392
2340,,,,51.578
2341,,,,51.95
2342,,,,52.394
2343,,,,51.39
2344,,,,50.7
2345,,,,51.116
2346,,,,50.936
2347,,,,59.936
2348,,,,65.626
2349,,,,65.542
2350,,,,63.244
2351,,,,63.002
2352,,,,62.984
2353,,,,62.662
2354,,,,63.494
2355,,,,63.444
2356,,,,65.316
2357,,,,67.108
2358,,,,67.428
2359,,,,69.018
2360,,,,69.986
2361,,,,69.222
2362,,,,69.87
2363,,,,70.434
2364,,,,69.998
2365,,,,71.904
2366,,,,70.444
2367,,,,70.966
2368,,,,66.608
2369,,,,67.268
2370,,,,65.784
2371,,,,66.258
2372,,,,65.988
2373,,,,66.974
2374,,,,67.24
2375,,,,66.606
2376,,,,66.074
2377,,,,67.178
2378,,,,67.906
2379,,,,69.768
2380,,,,70.54
2381,,,,71.936
2382,,,,71.678
2383,,,,76.3
2384,,,,75.798
2385,,,,78.63
2386,,,,80.808
2387,,,,81.118
2388,,,,83.844
2389,,,,85.05
2390,,,,86.188
2391,,,,86.076
2392,,,,82.94
2393,,,,83.666
2394,,,,86.052
2395,,,,88.602
2396,,,,90.308
2397,,,,93.812
2398,,,,98.428
2399,,,,96.268
2400,,,,95.63
2401,,,,104.972
2402,,,,107.584
2403,,,,103.7
2404,,,,102.698
2405,,,,102.1
2406,,,,109.44
2407,,,,113.912
2408,,,,114.44
2409,,,,112.964
2410,,,,111.604
2411,,,,113.38
2412,,,,116.198
2413,,,,128.162
2414,,,,130.114
2415,,,,156.0
2416,,,,177.412
2417,,,,146.94
2418,,,,149.792
2419,,,,149.614
2420,,,,154.256
2421,,,,154.876
2422,,,,153.458
2423,,,,160.8
2424,,,,160.006
2425,,,,171.68
2426,,,,183.484
2427,,,,179.882
2428,,,,180.2
2429,,,,166.758
2430,,,,159.982
2431,,,,155.76
2432,,,,135.8
2433,,,,133.598
2434,,,,148.724
2435,,,,149.102
2436,,,,149.9
2437,,,,144.908
2438,,,,140.696
2439,,,,121.6
2440,,,,129.066
2441,,,,126.846
2442,,,,112.11
2443,,,,109.324
2444,,,,89.014
2445,,,,86.04
2446,,,,72.244
2447,,,,85.528
2448,,,,85.506
2449,,,,86.858
2450,,,,101.0
2451,,,,107.85
2452,,,,105.632
2453,,,,102.872
2454,,,,100.426
2455,,,,104.8
2456,,,,96.312
2457,,,,90.894
2458,,,,96.002
2459,,,,103.248
2460,,,,109.09
2461,,,,109.768
2462,,,,114.6
2463,,,,130.19
2464,,,,141.978
2465,,,,145.966
2466,,,,149.042
2467,,,,150.778
2468,,,,149.272
2469,,,,137.344
2470,,,,146.422
2471,,,,141.126
2472,,,,145.03
2473,,,,159.75
2474,,,,153.824
2475,,,,160.102
2476,,,,156.376
2477,,,,140.264
2478,,,,152.238
2479,,,,153.642
2480,,,,156.516
2481,,,,156.008
2482,,,,163.884
2483,,,,162.258
2484,,,,161.882
2485,,,,158.192
2486,,,,160.666
2487,,,,159.834
2488,,,,162.726
2489,,,,161.602
2490,,,,163.112
2491,,,,165.52
2492,,,,163.376
2493,,,,163.774
2494,,,,164.046
2495,,,,161.162
2496,,,,167.0
2497,,,,179.62
2498,,,,176.312
2499,,,,176.592
2500,,,,172.876
2501,,,,177.132
2502,,,,189.984
2503,,,,188.134
2504,,,,205.01
2505,,,,194.568
2506,,,,187.056
2507,,,,198.18
2508,,,,196.426
2509,,,,198.358
2510,,,,200.792
2511,,,,200.18
2512,,,,198.864
2513,,,,200.356
2514,,,,192.17
2515,,,,197.196
2516,,,,191.948
2517,,,,201.87
2518,,,,215.962
2519,,,,223.926
2520,,,,241.732
2521,,,,274.316
2522,,,,277.972
2523,,,,273.176
2524,,,,278.856
2525,,,,308.93
2526,,,,299.412
2527,,,,303.36
2528,,,,309.202
2529,,,,300.128
2530,,,,300.168
2531,,,,328.6
2532,,,,313.672
2533,,,,318.466
2534,,,,302.614
2535,,,,283.4
2536,,,,307.92
2537,,,,295.298
2538,,,,299.822
2539,,,,297.498
2540,,,,286.152
2541,,,,297.0
2542,,,,297.4
2543,,,,297.004
2544,,,,297.916
2545,,,,290.542
2546,,,,283.714
2547,,,,274.878
2548,,,,310.952
2549,,,,324.2
2550,,,,330.142
2551,,,,367.128
2552,,,,377.418
2553,,,,375.706
2554,,,,400.366
2555,,,,409.996
2556,,,,402.84
2557,,,,404.668
2558,,,,430.634
2559,,,,447.75
2560,,,,442.68
2561,,,,498.32
2562,,,,475.05
2563,,,,447.37
2564,,,,407.0
2565,,,,418.32
2566,,,,330.21
2567,,,,366.28
2568,,,,371.34
2569,,,,372.72
2570,,,,419.62
2571,,,,449.76
2572,,,,441.76
2573,,,,423.43
2574,,,,442.15
2575,,,,449.39
2576,,,,424.23
2577,,,,380.36
2578,,,,387.79
2579,,,,407.34
2580,,,,421.2
2581,,,,419.07
2582,,,,429.01
2583,,,,448.16
2584,,,,415.09
2585,,,,425.68
2586,,,,413.98
2587,,,,425.3
2588,,,,425.92
2589,,,,434.0
2590,,,,442.3
2591,,,,446.65
2592,,,,461.3
2593,,,,448.88
2594,,,,439.67
2595,,,,430.83
2596,,,,421.94
2597,,,,422.64
2598,,,,425.79
2599,,,,420.63
2600,,,,420.28
2601,,,,424.68
2602,,,,406.02
2603,,,,410.83
2604,,,,388.04
2605,,,,400.51
2606,,,,423.9
2607,,,,420.98
2608,,,,438.09
2609,,,,429.95
2610,,,,421.26
2611,,,,410.36
2612,,,,417.13
2613,,,,411.76
2614,,,,408.5
2615,,,,408.09
2616,,,,441.61
2617,,,,486.64
2618,,,,499.27
2619,,,,489.61
2620,,,,521.85
2621,,,,555.38
2622,,,,574.0
2623,,,,585.76
2624,,,,567.6
2625,,,,584.76
2626,,,,568.82
2627,,,,593.38
2628,,,,599.04
2629,,,,641.76
2630,,,,649.88
2631,,,,604.48
2632,,,,627.07
2633,,,,609.99
2634,,,,639.83
2635,,,,633.25
2636,,,,622.77
2637,,,,655.9
2638,,,,695.0
2639,,,,649.86
2640,,,,640.34
2641,,,,645.98
2642,,,,661.77
2643,,,,663.69
2644,,,,665.99
2645,,,,694.78
2646,,,,705.67
2647,,,,729.77
2648,,,,735.11
2649,,,,755.98
2650,,,,816.04
2651,,,,880.02
2652,,,,811.19
2653,,,,849.44
2654,,,,854.41
2655,,,,845.0
2656,,,,826.16
2657,,,,844.55
2658,,,,850.45
2659,,,,844.99
2660,,,,846.64
2661,,,,880.8
2662,,,,883.09
2663,,,,864.16
2664,,,,835.43
2665,,,,793.53
2666,,,,839.81
2667,,,,872.79
2668,,,,854.69
2669,,,,849.99
2670,,,,852.23
2671,,,,863.42
2672,,,,849.46
2673,,,,804.82
2674,,,,811.66
2675,,,,816.12
2676,,,,796.22
2677,,,,798.15
2678,,,,787.38
2679,,,,781.3
2680,,,,714.5
2681,,,,698.84
2682,,,,742.02
2683,,,,682.22
2684,,,,675.5
2685,,,,718.43
2686,,,,686.44
2687,,,,653.2
2688,,,,621.44
2689,,,,597.95
2690,,,,563.0
2691,,,,673.58
2692,,,,668.06
2693,,,,699.6
2694,,,,693.73
2695,,,,707.94
2696,,,,676.88
2697,,,,701.81
2698,,,,653.16
2699,,,,654.87
2700,,,,670.0
2701,,,,662.16
2702,,,,630.27
2703,,,,640.39
2704,,,,618.71
2705,,,,611.29
2706,,,,635.62
2707,,,,667.93
2708,,,,661.75
2709,,,,691.05
2710,,,,691.62
2711,,,,670.97
2712,,,,683.8
2713,,,,677.02
2714,,,,701.98
2715,,,,762.32
2716,,,,732.23
2717,,,,738.85
2718,,,,739.78
2719,,,,714.63
2720,,,,718.99
2721,,,,744.12
2722,,,,719.69
2723,,,,729.4
2724,,,,738.2
2725,,,,704.74
2726,,,,694.4
2727,,,,677.0
2728,,,,709.44
2729,,,,684.9
2730,,,,673.6
2731,,,,670.94
2732,,,,663.54
2733,,,,672.37
2734,,,,629.04
2735,,,,617.2
2736,,,,589.89
2737,,,,571.69
2738,,,,589.74
2739,,,,576.83
2740,,,,577.87
2741,,,,563.46
2742,,,,586.78
2743,,,,580.88
2744,,,,606.44
2745,,,,604.69
2746,,,,619.13
2747,,,,630.85
2748,,,,625.22
2749,,,,623.9
2750,,,,605.12
2751,,,,572.84
2752,,,,599.05
2753,,,,605.13
2754,,,,603.59
2755,,,,598.78
2756,,,,610.12
2757,,,,609.89
2758,,,,617.69
2759,,,,599.36
2760,,,,604.87
2761,,,,616.6
2762,,,,623.31
2763,,,,620.83
2764,,,,623.71
2765,,,,656.57
2766,,,,679.82
2767,,,,671.87
2768,,,,688.72
2769,,,,680.76
2770,,,,679.7
2771,,,,677.92
2772,,,,678.9
2773,,,,659.58
2774,,,,644.65
2775,,,,652.81
2776,,,,656.95
2777,,,,685.7
2778,,,,668.54
2779,,,,653.38
2780,,,,650.6
2781,,,,644.22
2782,,,,646.22
2783,,,,660.5
2784,,,,655.29
2785,,,,649.26
2786,,,,643.38
2787,,,,657.62
2788,,,,644.78
2789,,,,646.98
2790,,,,677.35
2791,,,,687.2
2792,,,,709.67
2793,,,,709.74
2794,,,,710.92
2795,,,,714.63
2796,,,,699.1
2797,,,,713.76
2798,,,,709.99
2799,,,,707.82
2800,,,,722.25
2801,,,,717.17
2802,,,,686.17
2803,,,,665.71
2804,,,,688.99
2805,,,,673.47
2806,,,,680.26
2807,,,,706.3
2808,,,,708.49
2809,,,,711.2
2810,,,,701.16
2811,,,,711.92
2812,,,,730.91
2813,,,,735.72
2814,,,,734.09
2815,,,,732.39
2816,,,,733.57
2817,,,,752.92
2818,,,,753.87
2819,,,,754.86
2820,,,,736.27
2821,,,,743.0
2822,,,,744.49
2823,,,,755.83
2824,,,,756.99
2825,,,,759.49
2826,,,,730.17
2827,,,,739.38
2828,,,,751.94
2829,,,,753.64
2830,,,,774.39
2831,,,,791.36
2832,,,,777.56
2833,,,,781.31
2834,,,,775.48
2835,,,,775.22
2836,,,,781.53
2837,,,,780.59
2838,,,,782.75
2839,,,,793.61
2840,,,,785.49
2841,,,,791.94
2842,,,,805.72
2843,,,,811.08
2844,,,,818.32
2845,,,,843.03
2846,,,,870.11
2847,,,,864.27
2848,,,,865.8
2849,,,,894.0
2850,,,,909.68
2851,,,,1024.86
2852,,,,1018.43
2853,,,,1037.86
2854,,,,1077.04
2855,,,,1114.0
2856,,,,1208.59
2857,,,,1172.0
2858,,,,1213.86
2859,,,,1229.91
2860,,,,1222.09
2861,,,,1162.94
2862,,,,1023.5
2863,,,,1067.95
2864,,,,1063.51
2865,,,,1033.42
2866,,,,1013.39
2867,,,,1054.73
2868,,,,1089.01
2869,,,,1096.38
2870,,,,1137.06
2871,,,,1156.87
2872,,,,1109.03
2873,,,,1116.0
2874,,,,1081.92
2875,,,,1136.99
2876,,,,1144.76
2877,,,,1095.0
2878,,,,1084.6
2879,,,,1014.97
2880,1016.8608909681365,971.9925151175304,1063.8004465039355,
2881,1018.7553046696081,955.7696674449819,1085.8917228111445,
2882,1020.6532476672737,943.9139610176484,1103.631363658023,
2883,1022.5547265362187,934.3063764991385,1119.1384272464345,
2884,1024.4597478637775,926.1280627915978,1133.2318036337083,
2885,1026.3683182495572,918.960003752374,1146.330548016196,
2886,1028.2804443054597,912.5538293447759,1158.6830695787346,
2887,1030.196132655705,906.7480619176742,1170.4508852152685,
2888,1032.1153899368537,901.4307782335675,1181.7459575010055,
2889,1034.0382227978312,896.5206602522903,1192.6496439089344,
2890,1035.9646378999485,891.9564485219504,1203.2232434191098,
2891,1037.8946419169279,887.6906500043723,1213.5142886934343,
2892,1039.8282415349242,883.6855744622607,1223.56050968872,
2893,1041.7654434525489,879.9107259620428,1233.3924421540717,
2894,1043.7062543808927,876.3410231741508,1243.0352073308302,
2895,1045.6506810435487,872.9555478613987,1252.5097634644244,
2896,1047.5987301766374,869.7366418499809,1261.8338088335965,
2897,1049.5504085288271,866.6692408305503,1271.0224479495544,
2898,1051.50572286136,863.740373286325,1280.0886926280912,
2899,1053.464679948074,860.9387771604017,1289.0438453225036,
2900,1055.4272865754272,858.2546021469099,1297.8977968326637,
2901,1057.3935495425198,855.6791753519836,1306.659260644279,
2902,1059.36347566112,853.2048145957851,1315.335959627099,
2903,1061.3370717556854,850.8246780398617,1323.9347764077884,
2904,1063.314344663388,848.5326418677793,1332.4618756895266,
2905,1065.2953012341377,846.3231998837417,1340.922804653619,
2906,1067.2799483306053,844.1913804182201,1349.3225760541002,
2907,1069.268292828247,842.1326770331841,1357.6657375127372,
2908,1071.260341615328,840.1429903292278,1365.9564297121353,
2909,1073.256101592946,838.2185787583416,1374.198435583202,
2910,1075.255579675056,836.3560167980481,1382.3952221312447,
2911,1077.2587827884936,834.552159185737,1390.5499762018715,
2912,1079.265717872999,832.8041101751821,1398.665635224709,
2913,1081.2763918812407,831.1091969808307,1406.7449137693525,
2914,1083.2908117788409,829.4649467343489,1414.7903265890518,
2915,1085.308984544398,827.8690664028834,1422.8042087026943,
2916,1087.3309171695123,826.319425217599,1430.7887329664975,
2917,1089.356616658809,824.8140392400607,1438.7459255078718,
2918,1091.3860900299624,823.3510577575769,1446.6776793303122,
2919,1093.4193443137217,821.9287512499468,1454.5857663468937,
2920,1095.4563865539342,820.5455007118009,1462.4718480581682,
2921,1097.4972238075693,819.1997881488552,1470.3374850561538,
2922,1099.5418631447442,817.8901880944741,1478.1841455080096,
2923,1101.5903116487475,816.6153600160745,1486.013212749877,
2924,1103.6425764160638,815.3740415001939,1493.8259921020524,
2925,1105.6986645563989,814.1650421210289,1501.6237170006912,
2926,1107.7585831927033,812.9872379107221,1509.4075545277653,
2927,1109.8223394611987,811.8395663609411,1517.1786104097268,
2928,1111.8899405114003,810.7210218948303,1524.9379335458038,
2929,1113.9613935061434,809.630651756501,1532.6865201187525,
2930,1116.0367056216082,808.5675522720713,1540.4253173340633,
2931,1118.1158840473436,807.5308654421377,1548.1552268277385,
2932,1120.1989359862923,806.5197758305741,1555.8771077777358,
2933,1122.285868654817,805.533507718849,1563.5917797499026,
2934,1124.3766892827236,804.5713224987691,1571.3000253054788,
2935,1126.4714051132878,803.632516279761,1579.0025923940607,
2936,1128.570023403279,802.7164176895566,1586.7001965531724,
2937,1130.6725514229868,801.8223858495994,1594.3935229331005,
2938,1132.7789964562442,800.9498085085304,1602.0832281636651,
2939,1134.889365800455,800.0981003190011,1609.7699420776535,
2940,1137.0036667666177,799.2667012446144,1617.4542693041344,
2941,1139.1219066793508,798.4550750852396,1625.136790743391,
2942,1141.2440928769195,797.6627081101509,1632.8180649340402,
2943,1143.3702327112592,796.8891077895555,1640.4986293217514,
2944,1145.5003335480028,796.1338016160096,1648.1790014380908,
2945,1147.634402766505,795.3963360081036,1655.859679997085,
2946,1149.7724477598679,794.6762752895149,1663.5411459164277,
2947,1151.9144759349679,793.9732007372291,1671.2238632695116,
2948,1154.0604947124793,793.2867096933031,1678.9082801739219,
2949,1156.2105115269023,792.616414735083,1686.594829621474,
2950,1158.3645338265865,791.9619428992618,1694.2839302544164,
2951,1160.5225690737584,791.3229349555861,1701.9759870919802,
2952,1162.6846247445467,790.6990447264031,1709.6713922110885,
2953,1164.8507083290076,790.0899384485675,1717.3705253847118,
2954,1167.020827331152,789.4952941745514,1725.073754681016,
2955,1169.1949892689704,788.9148012098602,1732.7814370262095,
2956,1171.373201674459,788.3481595841195,1740.4939187337113,
2957,1173.555472093647,787.7950795534002,1748.2115360020955,
2958,1175.7418080866212,787.2552811315854,1755.9346153839792,
2959,1177.9322172275527,786.7284936487217,1763.6634742279398,
2960,1180.1267071047237,786.2144553345103,1771.3984210952817,
2961,1182.3252853205536,785.7129129252004,1779.1397561534122,
2962,1184.5279594916244,785.2236212923203,1786.8877715473714,
2963,1186.7347372487086,784.7463430917777,1794.6427517509987,
2964,1188.9456262367942,784.280848431994,1802.4049738990623,
2965,1191.1606341151119,783.8269145598251,1810.174708101608,
2966,1193.3797685571624,783.3843255631322,1817.952217741654,
2967,1195.6030372507407,782.9528720889338,1825.737759757303,
2968,1197.8304478979655,782.5323510761572,1833.531584909266,
2969,1200.0620082153039,782.1225655020925,1841.3339380346715,
2970,1202.297725933599,781.7233241416887,1849.14505828804,
2971,1204.537608798096,781.3344413389193,1856.9651793701921,
2972,1206.7816645684704,780.9557367894928,1864.7945297458016,
2973,1209.0299010188533,780.5870353342178,1872.6333328503088,
2974,1211.282325937859,780.2281667624101,1880.481807286782,
2975,1213.5389471286123,779.8789656247453,1888.3401670133385,
2976,1215.7997724087754,779.5392710550154,1896.2086215216598,
2977,1218.0648096105745,779.2089266002771,1904.0873760071188,
2978,1220.334066580827,778.8877800589185,1911.9766315309867,
2979,1222.6075511809697,778.5756833262009,1919.8765851751657,
2980,1224.8852712870846,778.2724922468587,1927.7874301898667,
2981,1227.167234789927,777.9780664743697,1935.7093561346162,
2982,1229.4534495949529,777.6922693365374,1943.642549012945,
2983,1231.7439236223458,777.4149677070349,1951.5871914011288,
2984,1234.0386648070453,777.1460318826023,1959.5434625712674,
2985,1236.3376810987727,776.8853354655953,1967.5115386090104,
2986,1238.6409804620605,776.6327552515974,1975.4915925262335,
2987,1240.9485708762788,776.3881711218478,1983.4837943688815,
2988,1243.2604603356635,776.1514659402208,1991.488311320275,
2989,1245.5766568493434,775.9225254545355,1999.505307800081,
2990,1247.8971684413686,775.7012382019726,2007.5349455591802,
2991,1250.2220031507381,775.487495418396,2015.5773837706238,
2992,1252.5511690314272,775.2811909513787,2023.6327791168956,
2993,1254.8846741524162,775.0822211767584,2031.7012858736382,
2994,1257.2225265977174,774.8904849185471,2039.7830559900274,
2995,1259.5647344664044,774.7058833720305,2047.8782391659604,
2996,1261.9113058726386,774.5283200299062,2055.9869829262034,
2997,1264.2622489456985,774.3577006113201,2064.109432691641,
2998,1266.6175718300076,774.1939329936567,2072.245731847771,
2999,1268.977282685162,774.0369271469582,2080.39602181058,
3000,1271.3413896859595,773.8865950708541,2088.5604420898953,
3001,1273.7099010224276,773.7428507338784,2096.7391303503623,
3002,1276.0828248998519,773.6056100150719,2104.93222247013,
3003,1278.4601695388037,773.4747906477629,2113.1398525973586,
3004,1280.8419431751702,773.3503121654286,2121.3621532046554,
3005,1283.2281540601816,773.232095849545,2129.599255141512,
3006,1285.6188104604405,773.120064679338,2137.851287684851,
3007,1288.0139206579495,773.014143283355,2146.1183785877374,
3008,1290.4134929501413,772.914257892766,2154.400654126385,
3009,1292.8175356499066,772.8203362963368,2162.69823914547,
3010,1295.2260570856226,772.7323077969897,2171.0112571018653,
3011,1297.6390656011827,772.6501031698876,2179.3398301068596,
3012,1300.0565695560247,772.5736546219824,2187.6840789668945,
3013,1302.4785773251606,772.5028957529553,2196.0441232229314,
3014,1304.9050972992043,772.4377615175024,2204.420081188461,
3015,1307.336137884402,772.3781881889036,2212.8120699862334,
3016,1309.7717075026605,772.3241133238243,2221.220205583753,
3017,1312.2118145915767,772.2754757282994,2229.644602827598,
3018,1314.6564676044668,772.2322154248488,2238.085375476606,
3019,1317.1056750103953,772.1942736206861,2246.5426362339663,
3020,1319.5594452942048,772.1615926769701,2255.0164967782684,
3021,1322.0177869565455,772.13411607906,2263.507067793555,
3022,1324.4807085139034,772.1117884077388,2272.0144589983947,
3023,1326.9482184986318,772.0945553113561,2280.5387791740523,
3024,1329.420325458979,772.0823634788715,2289.080136191743,
3025,1331.8970379591192,772.0751606137468,2297.6386370390505,
3026,1334.3783645791812,772.0728954086665,2306.2143878455126,
3027,1336.8643139152791,772.0755175210495,2314.8074939074136,
3028,1339.3548945795412,772.0829775493224,2323.4180597118234,
3029,1341.8501152001404,772.0952270099298,2332.0461889598932,
3030,1344.349984421324,772.1122183150499,2340.6919845894463,
3031,1346.854510903443,772.133904750988,2349.355548796903,
3032,1349.3637033229836,772.1602404572307,2358.0369830585296,
3033,1351.8775703725953,772.1911804061294,2366.7363881510664,
3034,1354.3961207611226,772.2266803831899,2375.453864171758,
3035,1356.9193632136346,772.2666969679537,2384.1895105577755,
3036,1359.447306471455,772.3111875154419,2392.9434261050924,
3037,1361.9799592921927,772.3601101381453,2401.7157089868056,
3038,1364.517330449772,772.4134236885407,2410.5064567709364,
3039,1367.0594287344632,772.4710877421163,2419.315766437719,
3040,1369.6062629529124,772.5330625808845,2428.1437343964076,
3041,1372.1578419281734,772.5993091773721,2436.990456501597,
3042,1374.7141744997366,772.6697891790614,2445.8560280691054,
3043,1377.2752695235604,772.7444648932765,2454.7405438914075,
3044,1379.8411358721023,772.8232992724965,2463.644098252632,
3045,1382.411782434349,772.9062559000747,2472.566784943174,
3046,1384.9872181158473,772.9932989763612,2481.5086972738864,
3047,1387.5674518387352,773.0843933052072,2490.4699280898967,
3048,1390.1524925417725,773.1795042808395,2499.450569784062,
3049,1392.742349180372,773.2785978751002,2508.4507143100404,
3050,1395.3370307266307,773.3816406250234,2517.470453195052,
3051,1397.93654616936,773.4885996207588,2526.5098775522692,
3052,1400.5409045141184,773.5994424938141,2535.5690780929044,
3053,1403.150114783241,773.7141374056122,2544.6481451379786,
3054,1405.7641860158715,773.832653036355,2553.747168629784,
3055,1408.383127267994,773.9549585741825,2562.86623814305,
3056,1411.006947612464,774.0810237046111,2572.005442895839,
3057,1413.6356561390392,774.2108186002579,2581.1648717601456,
3058,1416.2692619544118,774.344313910822,2590.3446132722506,
3059,1418.90777418224,774.4814807533359,2599.5447556427926,
3060,1421.551201963179,774.6222907026564,2608.765386766617,
3061,1424.1995544549131,774.7667157822115,2618.006594232353,
3062,1426.852840832188,774.9147284549686,2627.268465331789,
3063,1429.511070286841,775.0663016146464,2636.5510870689795,
3064,1432.1742520278344,775.2214085771368,2645.854546169173,
3065,1434.8423952812873,775.3800230721471,2655.1789290874963,
3066,1437.5155092905056,775.542119235051,2664.5243220174384,
3067,1440.193603316017,775.7076715989388,2673.8908108991436,
3068,1442.876686635601,775.8766550868667,2683.2784814274924,
3069,1445.564768544321,776.0490450042927,2692.6874190600124,
3070,1448.2578583545583,776.2248170317044,2702.1177090245783,
3071,1450.9559653960423,776.4039472174157,2711.5694363269677,
3072,1453.659099015884,776.5864119705478,2721.042685758211,
3073,1456.3672685786084,776.7721880541715,2730.5375419017955,
3074,1459.080483466186,776.9612525786198,2740.0540891406895,
3075,1461.7987530780665,777.1535829949529,2749.5924116642295,
3076,1464.5220868312101,777.3491570885845,2759.1525934748315,
3077,1467.2504941601217,777.5479529730563,2768.734718394559,
3078,1469.9839845168817,777.749949083956,2778.3388700715554,
3079,1472.722567371181,777.9551241729814,2787.9651319863233,
3080,1475.4662522103513,778.1634573021395,2797.613587457873,
3081,1478.2150485394,778.3749278380802,2807.2843196497397,
3082,1480.9689658810419,778.5895154465636,2816.9774115758582,
3083,1483.728013775733,778.8072000870502,2826.692946106324,
3084,1486.492201781703,779.0279620074158,2836.431005973032,
3085,1489.2615394749885,779.2517817387836,2846.1916737751967,
3086,1492.0360364494666,779.4786400904824,2855.9750319847362,
3087,1494.8157023168876,779.7085181451052,2865.7811629515763,
3088,1497.6005467069083,779.9413972536876,2875.610148908821,
3089,1500.390579267126,780.1772590309914,2885.462071977821,
3090,1503.185809663111,780.4160853508902,2895.3370141731475,
3091,1505.9862475784412,780.657858341859,2905.235057407458,
3092,1508.7919027147345,780.9025603825642,2915.156283496259,
3093,1511.602784791683,781.1501740975468,2925.1007741625835,
3094,1514.418903547087,781.4006823530032,2935.0686110415663,
3095,1517.2402687368876,781.6540682526515,2945.059875684942,
3096,1520.0668901352021,781.9103151336965,2955.0746495654325,
3097,1522.8987775343567,782.1694065628712,2965.113014081071,
3098,1525.73594074492,782.4313263325716,2975.175050559424,
3099,1528.5783895957388,782.6960584570647,2985.2608402617543,
3100,1531.4261339339705,782.9635871687884,2995.370464387079,
3101,1534.2791836251176,783.2338969147157,3005.5040040761637,
3102,1537.1375485530625,783.5069723528103,3015.661540415444,
3103,1540.001238620101,783.7827983485437,3025.843154440865,
3104,1542.8702637469773,784.0613599714892,3036.048927141656,
3105,1545.7446338729173,784.3426424919921,3046.2789394640276,
3106,1548.624358955664,784.6266313779006,3056.533272314811,
3107,1551.5094489715118,784.9133122913661,3066.8120065650223,
3108,1554.3999139153411,785.2026710857116,3077.115223053381,
3109,1557.2957638006524,785.4946938023639,3087.4430025897095,
3110,1560.1970086596016,785.7893666678438,3097.795425958365,
3111,1563.1036585430343,786.0866760908206,3108.1725739215212,
3112,1566.015723520521,786.386608659228,3118.574527222429,
3113,1568.9332136803923,786.6891511374313,3129.0013665886427,
3114,1571.8561391297724,786.9942904634574,3139.453172735159,
3115,1574.7845099946157,787.302013746277,3149.9300263674795,
3116,1577.7183364197415,787.6123082631419,3160.4320081847072,
3117,1580.6576285688682,787.9251614569723,3170.959198882491,
3118,1583.6023966246498,788.2405609337994,3181.5116791559685,
3119,1586.5526507887105,788.5584944602535,3192.0895297026796,
3120,1589.5084012816797,788.878949961107,3202.6928312253785,
3121,1592.4696583432287,789.2019155168565,3213.3216644348527,
3122,1595.4364322321046,789.5273793613628,3223.976110052646,
3123,1598.4087332261668,789.8553298795252,3234.656248813787,
3124,1601.3865716224223,790.1857556050073,3245.3621614694225,
3125,1604.369957737062,790.5186452180062,3256.093928789463,
3126,1607.3589019054946,790.8539875430594,3266.851631565133,
3127,1610.3534144823852,791.1917715468992,3277.6353506115274,
3128,1613.3535058416887,791.5319863363413,3288.445166770086,
3129,1616.3591863766867,791.8746211562205,3299.2811609110618,
3130,1619.3704665000243,792.2196653873594,3310.1434139359453,
3131,1622.3873566437444,792.5671085445746,3321.0320067798307,
3132,1625.4098672593254,792.9169402747266,3331.947020413766,
3133,1628.4380088177165,793.2691503547974,3342.8885358470848,
3134,1631.4717918093747,793.623728690011,3353.8566341296387,
3135,1634.5112267443003,793.9806653119812,3364.8513963540727,
3136,1637.5563241520742,794.3399503769011,3375.8729036580407,
3137,1640.6070945818935,794.7015741637598,3386.9212372263405,
3138,1643.6635486026087,795.0655270725933,3397.9964782931006,
3139,1646.72569680276,795.4317996227664,3409.0987081438807,
3140,1649.7935497906142,795.8003824512906,3420.2280081177396,
3141,1652.8671181942009,796.1712663111633,3431.3844596093245,
3142,1655.9464126613507,796.5444420697446,3442.5681440708563,
3143,1659.03144385973,796.9199007071585,3453.7791430141615,
3144,1662.1222224768799,797.2976333147243,3465.0175380126325,
3145,1665.2187592202517,797.6776310934172,3476.2834107031517,
3146,1668.3210648172455,798.0598853523527,3487.576842788042,
3147,1671.4291500152458,798.4443875073008,3498.8979160369386,
3148,1674.5430255816602,798.8311290792245,3510.246712288657,
3149,1677.6627023039555,799.220101692842,3521.6233134530257,
3150,1680.7881909896957,799.6112970752222,3533.027801512732,
3151,1683.9195024665794,800.0047070543911,3544.4602585250846,
3152,1687.056647582477,800.400323557976,3555.920766623813,
3153,1690.199637205469,800.7981386118623,3567.4094080207947,
3154,1693.3484822238822,801.1981443388825,3578.9262650077862,
3155,1696.5031935463296,801.600332957519,3590.4714199581363,
3156,1699.6637821017464,802.0046967806334,3602.044955328461,
3157,1702.8302588394279,802.4112282142208,3613.646953660317,
3158,1706.0026347290686,802.8199197561777,3625.27749758183,
3159,1709.1809207607996,803.2307639950952,3636.936669809341,
3160,1712.365127945226,803.6437536090733,3648.6245531489726,
3161,1715.5552673134669,804.0588813645518,3660.341230498263,
3162,1718.7513499171907,804.4761401151625,3672.0867848476887,
3163,1721.9533868286567,804.8955228006018,3683.8612992822345,
3164,1725.1613891407505,805.3170224455212,3695.664856982928,
3165,1728.375367967025,805.7406321584314,3707.4975412283356,
3166,1731.5953344417367,806.1663451306349,3719.3594353960684,
3167,1734.8212997198857,806.5941546351647,3731.250622964266,
3168,1738.0532749772537,807.0240540257478,3743.1711875130572,
3169,1741.2912714104432,807.456036735783,3755.1212127259932,
3170,1744.5353002369154,807.8900962773376,3767.100782391499,
3171,1747.7853726950304,808.3262262401556,3779.1099804042874,
3172,1751.0415000440848,808.7644202906865,3791.1488907667363,
3173,1754.3036935643518,809.2046721711272,3803.217597590311,
3174,1757.571964557119,809.6469756984812,3815.316185096898,
3175,1760.846324344729,810.0913247636314,3827.444737620207,
3176,1764.126784270618,810.537713330429,3839.603339607071,
3177,1767.4133556993545,810.9861354347937,3851.792075618803,
3178,1770.7060500166795,811.436585183832,3864.0110303325127,
3179,1774.0048786295458,811.8890567549696,3876.2602885423926,
3180,1777.3098529661572,812.3435443950922,3888.539935161046,
3181,1780.620984476008,812.8000424197062,3900.8500552207124,
3182,1783.9382846299236,813.2585452121086,3913.190733874592,
3183,1787.261764920099,813.719047222572,3925.56205639806,
3184,1790.5914368601393,814.1815429675393,3937.96410818992,
3185,1793.9273119850998,814.6460270288336,3950.396974773657,
3186,1797.2694018515251,815.1124940528822,3962.860741798633,
3187,1800.61771803749,815.5809387499465,3975.355495041295,
3188,1803.9722721426392,816.0513558933677,3987.8813204064004,
3189,1807.3330757882277,816.5237403188253,4000.4383039281765,
3190,1810.7001406171605,816.9980869236047,4013.0265317715257,
3191,1814.0734782940337,817.4743906658738,4025.6460902331696,
3192,1817.453100505175,817.9526465639776,4038.297065742806,
3193,1820.8390189586823,818.4328496957347,4050.9795448642967,
3194,1824.2312453844677,818.9149951977515,4063.6936142967606,
3195,1827.6297915342943,819.3990782647455,4076.439360875713,
3196,1831.0346691818197,819.8850941488715,4089.2168715742114,
3197,1834.4458901226362,820.3730381590702,4102.026233503935,
3198,1837.8634661743104,820.8629056604152,4114.867533916307,
3199,1841.2874091764254,821.3546920734776,4127.740860203596,
3200,1844.7177309906217,821.848392873694,4140.6462998999605,
3201,1848.1544435006379,822.34400359075,4153.5839406825735,
3202,1851.5975586123518,822.8415198079672,4166.553870372677,
3203,1855.0470882538223,823.3409371617024,4179.556176936627,
3204,1858.50304437533,823.8422513407538,4192.5909484869635,
3205,1861.965438949419,824.345458085779,4205.658273283463,
3206,1865.4342839709384,824.8505531887168,4218.758239734149,
3207,1868.9095914570833,825.3575324922211,4231.890936396344,
3208,1872.3913734474372,825.866391889102,4245.056451977705,
3209,1875.8796420040132,826.3771273217743,4258.254875337212,
3210,1879.3744092112966,826.8897347817144,4271.486295486197,
3211,1882.8756871762848,827.4042103089255,4284.75080158934,
3212,1886.3834880285317,827.9205499914112,4298.048482965672,
3213,1889.8978239201883,828.4387499646513,4311.379429089555,
3214,1893.4187070260448,828.958806411093,4324.743729591678,
3215,1896.9461495435733,829.4807155596451,4338.141474260036,
3216,1900.4801636929697,830.0044736851785,4351.572753040878,
3217,1904.0207617171961,830.5300771080351,4365.0376560397,
3218,1907.5679558820239,831.0575221935452,4378.536273522205,
3219,1911.1217584760745,831.5868053515472,4392.068695915227,
3220,1914.6821818108638,832.1179230359209,4405.635013807716,
3221,1918.249238220844,832.6508717441188,4419.235317951661,
3222,1921.8229400634466,833.1856480167118,4432.869699263026,
3223,1925.4032997191243,833.7222484369369,4446.538248822688,
3224,1928.990329591395,834.2606696302502,4460.241057877377,
3225,1932.584042106885,834.8009082638922,4473.978217840584,
3226,1936.1844497153702,835.3429610464501,4487.749820293457,
3227,1939.7915648898213,835.8868247274341,4501.555956985767,
3228,1943.4054001264462,836.4324960968561,4515.396719836778,
3229,1947.0259679447329,836.9799719848131,4529.2722009361405,
3230,1950.6532808874933,837.5292492610785,4543.182492544829,
3231,1954.287351520907,838.0803248346963,4557.127687095996,
3232,1957.9281924345632,838.6331956535861,4571.107877195898,
3233,1961.5758162415073,839.1878587041459,4585.123155624752,
3234,1965.2302355782815,839.7443110108685,4599.173615337635,
3235,1968.8914631049704,840.3025496359545,4613.259349465341,
3236,1972.559511505244,840.8625716789372,4627.38045131528,
3237,1976.2343934864027,841.42437427631,4641.537014372327,
3238,1979.91612177942,841.9879546011598,4655.729132299707,
3239,1983.6047091389876,842.553309862801,4669.95689893982,
3240,1987.3001683435587,843.1204373064219,4684.220408315147,
3241,1991.0025121953934,843.68933421273,4698.519754629075,
3242,1994.711753520602,844.2599978976025,4712.85503226675,
3243,1998.4279051691901,844.8324257117449,4727.226335795924,
3244,2002.1509800151027,845.4066150403493,4741.633759967817,
3245,2005.8809909562694,845.9825633027625,4756.077399717922,
3246,2009.617950914648,846.560267952153,4770.557350166878,
3247,2013.3618728362703,847.1397264751865,4785.073706621303,
3248,2017.112769691287,847.7209363917035,4799.626564574576,
3249,2020.8706544740112,848.303895254402,4814.216019707739,
3250,2024.6355402029653,848.888600648525,4828.842167890265,
3251,2028.407439920925,849.4750501915472,4843.505105180905,
3252,2032.1863666949646,850.0632415328754,4858.204927828493,
3253,2035.9723336165025,850.653172353543,4872.941732272805,
3254,2039.7653538013462,851.2448403659124,4887.715615145292,
3255,2043.5654403897383,851.8382433133829,4902.526673269983,
3256,2047.3726065464016,852.4333789701011,4917.375003664222,
3257,2051.1868654605846,853.0302451406712,4932.260703539518,
3258,2055.0082303461077,853.6288396598767,4947.183870302335,
3259,2058.8367144414083,854.2291603923969,4962.144601554883,
3260,2062.672331009587,854.8312052325351,4977.1429950959355,
3261,2066.515093338455,855.4349721039442,4992.1791489215975,
3262,2070.365014740576,856.0404589593601,5007.253161226156,
3263,2074.222108553318,856.6476637803335,5022.3651304028035,
3264,2078.0863881388937,857.2565845769698,5037.515155044482,
3265,2081.9578668844124,857.8672193876711,5052.703333944626,
3266,2085.836558201921,858.4795662788792,5067.929766098005,
3267,2089.7224755284556,859.0936233448235,5083.194550701456,
3268,2093.6156323260834,859.7093887072746,5098.4977871546835,
3269,2097.516042081952,860.3268605152936,5113.8395750610525,
3270,2101.423718308337,860.9460369449922,5129.220014228354,
3271,2105.3386745426856,861.5669161992932,5144.639204669576,
3272,2109.260924347666,862.1894965076923,5160.0972466037,
3273,2113.1904813112133,862.813776126023,5175.594240456441,
3274,2117.127359046578,863.4397533362263,5191.130286861072,
3275,2121.071571192371,864.0674264461252,5206.705486659133,
3276,2125.023131412612,864.6967937891927,5222.319940901235,
3277,2128.982053396778,865.3278537243357,5237.973750847831,
3278,2132.9483508598482,865.960604635671,5253.667017969952,
3279,2136.9220375423533,866.5950449323076,5269.399843950025,
3280,2140.9031272104226,867.2311730481331,5285.17233068255,
3281,2144.891633655832,867.8689874416034,5300.9845802749605,
3282,2148.8875706960507,868.5084865955279,5316.836695048313,
3283,2152.8909521742908,869.1496690168673,5332.728777538057,
3284,2156.9017919595544,869.7925332365256,5348.660930494832,
3285,2160.9201039466802,870.4370778091516,5364.63325688518,
3286,2164.945902056395,871.0833013129346,5380.645859892322,
3287,2168.979200235358,871.7312023494094,5396.698842916897,
3288,2173.0200124562125,872.3807795432621,5412.792309577729,
3289,2177.068352717632,873.0320315421354,5428.926363712593,
3290,2181.12423504437,873.6849570164384,5445.10110937892,
3291,2185.1876734873076,874.3395546591606,5461.316650854603,
3292,2189.2586821235036,874.9958231856834,5477.57309263869,
3293,2193.337275056242,875.653761333596,5493.8705394521885,
3294,2197.423466415081,876.3133678625173,5510.209096238759,
3295,2201.5172703559015,876.9746415539131,5526.5888681655115,
3296,2205.618701060959,877.6375812109192,5543.009960623714,
3297,2209.7277727389287,878.3021856581666,5559.472479229552,
3298,2213.844499624957,878.9684537416091,5575.976529824871,
3299,2217.9688959807104,879.6363843283508,5592.522218477926,
3300,2222.1009760944253,880.3059763064758,5609.109651484111,
3301,2226.2407542809565,880.9772285848843,5625.73893536671,
3302,2230.3882448818285,881.650140093125,5642.410176877642,
3303,2234.5434622652824,882.3247097812294,5659.123482998188,
3304,2238.706420826329,883.0009366195558,5675.878960939754,
3305,2242.877134986796,883.6788195986247,5692.676718144589,
3306,2247.0556191953797,884.358357728963,5709.516862286523,
3307,2251.2418879276934,885.0395500409475,5726.399501271744,
3308,2255.4359556863196,885.7223955846514,5743.324743239465,
3309,2259.637837000858,886.4068934296896,5760.292696562749,
3310,2263.847546427978,887.0930426650721,5777.3034698491665,
3311,2268.0650985514676,887.7808423990489,5794.357171941589,
3312,2272.2905079822845,888.4702917589691,5811.4539119189,
3313,2276.5237893586063,889.16138989113,5828.593799096728,
3314,2280.7649573458825,889.854135960635,5845.7769430282,
3315,2285.0140266368835,890.5485291512531,5863.003453504667,
3316,2289.2710119517524,891.2445686652752,5880.2734405564415,
3317,2293.535928038056,891.9422537233753,5897.587014453523,
3318,2297.8087896708366,892.6415835644747,5914.944285706343,
3319,2302.0896116526615,893.3425574456031,5932.345365066528,
3320,2306.378408813676,894.0451746417679,5949.790363527558,
3321,2310.6751960116526,894.749434445816,5967.279392325583,
3322,2314.979988132045,895.4553361683052,5984.812562940123,
3323,2319.2928000880393,896.1628791373761,6002.389987094781,
3324,2323.6136468206028,896.8720626986197,6020.011776758011,
3325,2327.9425432985395,897.5828862149498,6037.678044143858,
3326,2332.2795045185394,898.2953490664808,6055.388901712634,
3327,2336.624545505232,899.0094506503998,6073.144462171739,
3328,2340.9776813112376,899.7251903808462,6090.944838476325,
3329,2345.3389270172192,900.4425676887874,6108.790143830038,
3330,2349.7082977319355,901.1615820219009,6126.680491685818,
3331,2354.085808592292,901.8822328444513,6144.61599574654,
3332,2358.4714747633957,902.6045196371784,6162.59676996582,
3333,2362.865311438605,903.3284418971746,6180.622928548708,
3334,2367.2673338395844,904.0539991377742,6198.694585952441,
3335,2371.6775572163556,904.7811908884371,6216.8118568871805,
3336,2376.095996847351,905.5100166946362,6234.974856316746,
3337,2380.522668039469,906.2404761177459,6253.183699459325,
3338,2384.9575861281214,906.9725687349348,6271.438501788272,
3339,2389.400766477292,907.7062941390508,6289.73937903275,
3340,2393.8522244795877,908.4416519385178,6308.086447178558,
3341,2398.3119755562907,909.1786417572287,6326.47982246883,
3342,2402.7800351574147,909.9172632344358,6344.919621404727,
3343,2407.256418761755,910.6575160246526,6363.4059607462805,
3344,2411.741141876945,911.3993997975432,6381.938957513001,
3345,2416.2342200395096,912.1429142378273,6400.518728984737,
3346,2420.7356688149166,912.8880590451744,6419.145392702328,
3347,2425.245503797633,913.6348339341029,6437.819066468374,
3348,2429.763740611178,914.3832386338868,6456.539868347969,
3349,2434.2903949081788,915.1332728884515,6475.307916669459,
3350,2438.825482370422,915.8849364562797,6494.123330025137,
3351,2443.3690187089096,916.6382291103164,6512.986227272065,
3352,2447.921019663914,917.3931506378716,6531.896727532689,
3353,2452.481501005031,918.1497008405299,6550.854950195704,
3354,2457.0504785312355,918.9078795340539,6569.861014916723,
3355,2461.627968070936,919.6676865482942,6588.915041619045,
3356,2466.213985482029,920.4291217270978,6608.017150494393,
3357,2470.8085466519547,921.1921849282207,6627.167462003646,
3358,2475.4116674977513,921.9568760232341,6646.3660968775885,
3359,2480.0233639661105,922.7231948974413,6665.613176117677,
3360,2484.643652033433,923.4911414497873,6684.908820996747,
3361,2489.272547705884,924.2607155927731,6704.253153059786,
3362,2493.9100670194466,925.0319172523725,6723.646294124664,
3363,2498.5562260399806,925.8047463679444,6743.088366282866,
3364,2503.2110408632757,926.5792028921517,6762.579491900307,
3365,2507.874527615108,927.3552867908783,6782.119793617995,
3366,2512.546702451297,928.1329980431447,6801.7093943528,
3367,2517.227581557759,928.9123366410319,6821.348417298247,
3368,2521.917181150566,929.6933025895961,6841.0369859252505,
3369,2526.6155174759997,930.4758959067929,6860.77522398279,
3370,2531.322606810609,931.2601166233978,6880.563255498782,
3371,2536.0384654612662,932.0459647829277,6900.401204780731,
3372,2540.763109765223,932.8334404415643,6920.289196416557,
3373,2545.4965560901674,933.6225436680808,6940.2273552752795,
3374,2550.238820834281,934.4132745437611,6960.215806507827,
3375,2554.9899204262947,935.2056331623309,6980.254675547761,
3376,2559.7498713255463,935.9996196298792,7000.344088112048,
3377,2564.5186900220374,936.7952340647898,7020.484170201799,
3378,2569.2963930364904,937.5924765976656,7040.675048103043,
3379,2574.082996920406,938.3913473712586,7060.916848387465,
